ball,1,0.1,Kings XI Punjab,HM Amla,SE Marsh,HH Pandya,1,0,"",""

ball,1,0.2,Kings XI Punjab,SE Marsh,HM Amla,HH Pandya,0,0,"",""

ball,1,0.3,Kings XI Punjab,SE Marsh,HM Amla,HH Pandya,4,0,"",""

ball,1,0.4,Kings XI Punjab,SE Marsh,HM Amla,HH Pandya,0,0,"",""

ball,1,0.5,Kings XI Punjab,SE Marsh,HM Amla,HH Pandya,1,0,"",""

ball,1,0.6,Kings XI Punjab,HM Amla,SE Marsh,HH Pandya,2,0,"",""

ball,1,1.1,Kings XI Punjab,SE Marsh,HM Amla,MJ McClenaghan,1,0,"",""

ball,1,1.2,Kings XI Punjab,HM Amla,SE Marsh,MJ McClenaghan,0,0,"",""

ball,1,1.3,Kings XI Punjab,HM Amla,SE Marsh,MJ McClenaghan,0,0,"",""

ball,1,1.4,Kings XI Punjab,HM Amla,SE Marsh,MJ McClenaghan,4,0,"",""

ball,1,1.5,Kings XI Punjab,HM Amla,SE Marsh,MJ McClenaghan,1,0,"",""

ball,1,1.6,Kings XI Punjab,SE Marsh,HM Amla,MJ McClenaghan,1,0,"",""

ball,1,2.1,Kings XI Punjab,SE Marsh,HM Amla,HH Pandya,1,0,"",""

ball,1,2.2,Kings XI Punjab,HM Amla,SE Marsh,HH Pandya,0,1,"",""

ball,1,2.3,Kings XI Punjab,SE Marsh,HM Amla,HH Pandya,4,0,"",""

ball,1,2.4,Kings XI Punjab,SE Marsh,HM Amla,HH Pandya,4,0,"",""

ball,1,2.5,Kings XI Punjab,SE Marsh,HM Amla,HH Pandya,1,0,"",""

ball,1,2.6,Kings XI Punjab,HM Amla,SE Marsh,HH Pandya,0,0,"",""

ball,1,3.1,Kings XI Punjab,SE Marsh,HM Amla,Harbhajan Singh,0,0,"",""

ball,1,3.2,Kings XI Punjab,SE Marsh,HM Amla,Harbhajan Singh,0,0,"",""

ball,1,3.3,Kings XI Punjab,SE Marsh,HM Amla,Harbhajan Singh,4,0,"",""

ball,1,3.4,Kings XI Punjab,SE Marsh,HM Amla,Harbhajan Singh,1,0,"",""

ball,1,3.5,Kings XI Punjab,HM Amla,SE Marsh,Harbhajan Singh,1,0,"",""

ball,1,3.6,Kings XI Punjab,SE Marsh,HM Amla,Harbhajan Singh,0,0,"",""

ball,1,4.1,Kings XI Punjab,HM Amla,SE Marsh,SL Malinga,0,0,"",""

ball,1,4.2,Kings XI Punjab,HM Amla,SE Marsh,SL Malinga,6,0,"",""

ball,1,4.3,Kings XI Punjab,HM Amla,SE Marsh,SL Malinga,1,0,"",""

ball,1,4.4,Kings XI Punjab,SE Marsh,HM Amla,SL Malinga,0,0,"",""

ball,1,4.5,Kings XI Punjab,SE Marsh,HM Amla,SL Malinga,0,0,"",""

ball,1,4.6,Kings XI Punjab,SE Marsh,HM Amla,SL Malinga,0,0,"",""

ball,1,5.1,Kings XI Punjab,HM Amla,SE Marsh,MJ McClenaghan,2,0,"",""

ball,1,5.2,Kings XI Punjab,HM Amla,SE Marsh,MJ McClenaghan,1,0,"",""

ball,1,5.3,Kings XI Punjab,SE Marsh,HM Amla,MJ McClenaghan,0,0,"",""

ball,1,5.4,Kings XI Punjab,SE Marsh,HM Amla,MJ McClenaghan,4,0,"",""

ball,1,5.5,Kings XI Punjab,SE Marsh,HM Amla,MJ McClenaghan,0,0,caught,SE Marsh

ball,1,5.6,Kings XI Punjab,WP Saha,HM Amla,MJ McClenaghan,0,0,"",""

ball,1,6.1,Kings XI Punjab,HM Amla,WP Saha,KH Pandya,0,0,"",""

ball,1,6.2,Kings XI Punjab,HM Amla,WP Saha,KH Pandya,2,0,"",""

ball,1,6.3,Kings XI Punjab,HM Amla,WP Saha,KH Pandya,1,0,"",""

ball,1,6.4,Kings XI Punjab,WP Saha,HM Amla,KH Pandya,1,0,"",""

ball,1,6.5,Kings XI Punjab,HM Amla,WP Saha,KH Pandya,1,0,"",""

ball,1,6.6,Kings XI Punjab,WP Saha,HM Amla,KH Pandya,1,0,"",""

ball,1,7.1,Kings XI Punjab,WP Saha,HM Amla,Harbhajan Singh,0,0,"",""

ball,1,7.2,Kings XI Punjab,WP Saha,HM Amla,Harbhajan Singh,1,0,"",""

ball,1,7.3,Kings XI Punjab,HM Amla,WP Saha,Harbhajan Singh,1,0,"",""

ball,1,7.4,Kings XI Punjab,WP Saha,HM Amla,Harbhajan Singh,1,0,"",""

ball,1,7.5,Kings XI Punjab,HM Amla,WP Saha,Harbhajan Singh,2,0,"",""

ball,1,7.6,Kings XI Punjab,HM Amla,WP Saha,Harbhajan Singh,1,0,"",""

ball,1,8.1,Kings XI Punjab,HM Amla,WP Saha,KH Pandya,0,0,"",""

ball,1,8.2,Kings XI Punjab,HM Amla,WP Saha,KH Pandya,0,1,"",""

ball,1,8.3,Kings XI Punjab,WP Saha,HM Amla,KH Pandya,1,0,"",""

ball,1,8.4,Kings XI Punjab,HM Amla,WP Saha,KH Pandya,1,0,"",""

ball,1,8.5,Kings XI Punjab,WP Saha,HM Amla,KH Pandya,1,0,"",""

ball,1,8.6,Kings XI Punjab,HM Amla,WP Saha,KH Pandya,1,0,"",""

ball,1,9.1,Kings XI Punjab,HM Amla,WP Saha,JJ Bumrah,2,0,"",""

ball,1,9.2,Kings XI Punjab,HM Amla,WP Saha,JJ Bumrah,1,0,"",""

ball,1,9.3,Kings XI Punjab,WP Saha,HM Amla,JJ Bumrah,0,0,"",""

ball,1,9.4,Kings XI Punjab,WP Saha,HM Amla,JJ Bumrah,2,0,"",""

ball,1,9.5,Kings XI Punjab,WP Saha,HM Amla,JJ Bumrah,0,0,"",""

ball,1,9.6,Kings XI Punjab,WP Saha,HM Amla,JJ Bumrah,1,0,"",""

ball,1,10.1,Kings XI Punjab,WP Saha,HM Amla,KH Pandya,1,0,"",""

ball,1,10.2,Kings XI Punjab,HM Amla,WP Saha,KH Pandya,6,0,"",""

ball,1,10.3,Kings XI Punjab,HM Amla,WP Saha,KH Pandya,1,0,"",""

ball,1,10.4,Kings XI Punjab,WP Saha,HM Amla,KH Pandya,1,0,"",""

ball,1,10.5,Kings XI Punjab,HM Amla,WP Saha,KH Pandya,1,0,"",""

ball,1,10.6,Kings XI Punjab,WP Saha,HM Amla,KH Pandya,0,1,"",""

ball,1,10.7,Kings XI Punjab,WP Saha,HM Amla,KH Pandya,0,0,bowled,WP Saha

ball,1,11.1,Kings XI Punjab,HM Amla,GJ Maxwell,SL Malinga,4,0,"",""

ball,1,11.2,Kings XI Punjab,HM Amla,GJ Maxwell,SL Malinga,1,0,"",""

ball,1,11.3,Kings XI Punjab,GJ Maxwell,HM Amla,SL Malinga,1,0,"",""

ball,1,11.4,Kings XI Punjab,HM Amla,GJ Maxwell,SL Malinga,4,0,"",""

ball,1,11.5,Kings XI Punjab,HM Amla,GJ Maxwell,SL Malinga,1,0,"",""

ball,1,11.6,Kings XI Punjab,GJ Maxwell,HM Amla,SL Malinga,0,0,"",""

ball,1,12.1,Kings XI Punjab,HM Amla,GJ Maxwell,KH Pandya,4,0,"",""

ball,1,12.2,Kings XI Punjab,HM Amla,GJ Maxwell,KH Pandya,0,1,"",""

ball,1,12.3,Kings XI Punjab,HM Amla,GJ Maxwell,KH Pandya,0,0,"",""

ball,1,12.4,Kings XI Punjab,HM Amla,GJ Maxwell,KH Pandya,1,0,"",""

ball,1,12.5,Kings XI Punjab,GJ Maxwell,HM Amla,KH Pandya,0,1,"",""

ball,1,12.6,Kings XI Punjab,HM Amla,GJ Maxwell,KH Pandya,1,0,"",""

ball,1,12.7,Kings XI Punjab,GJ Maxwell,HM Amla,KH Pandya,1,0,"",""

ball,1,13.1,Kings XI Punjab,GJ Maxwell,HM Amla,JJ Bumrah,0,0,"",""

ball,1,13.2,Kings XI Punjab,GJ Maxwell,HM Amla,JJ Bumrah,1,0,"",""

ball,1,13.3,Kings XI Punjab,HM Amla,GJ Maxwell,JJ Bumrah,1,0,"",""

ball,1,13.4,Kings XI Punjab,GJ Maxwell,HM Amla,JJ Bumrah,4,0,"",""

ball,1,13.5,Kings XI Punjab,GJ Maxwell,HM Amla,JJ Bumrah,4,0,"",""

ball,1,13.6,Kings XI Punjab,GJ Maxwell,HM Amla,JJ Bumrah,1,0,"",""

ball,1,14.1,Kings XI Punjab,GJ Maxwell,HM Amla,MJ McClenaghan,6,0,"",""

ball,1,14.2,Kings XI Punjab,GJ Maxwell,HM Amla,MJ McClenaghan,6,0,"",""

ball,1,14.3,Kings XI Punjab,GJ Maxwell,HM Amla,MJ McClenaghan,4,0,"",""

ball,1,14.4,Kings XI Punjab,GJ Maxwell,HM Amla,MJ McClenaghan,4,1,"",""

ball,1,14.5,Kings XI Punjab,GJ Maxwell,HM Amla,MJ McClenaghan,6,0,"",""

ball,1,14.6,Kings XI Punjab,GJ Maxwell,HM Amla,MJ McClenaghan,1,0,"",""

ball,1,14.7,Kings XI Punjab,HM Amla,GJ Maxwell,MJ McClenaghan,0,0,"",""

ball,1,15.1,Kings XI Punjab,GJ Maxwell,HM Amla,SL Malinga,1,0,"",""

ball,1,15.2,Kings XI Punjab,HM Amla,GJ Maxwell,SL Malinga,6,0,"",""

ball,1,15.3,Kings XI Punjab,HM Amla,GJ Maxwell,SL Malinga,0,1,"",""

ball,1,15.4,Kings XI Punjab,HM Amla,GJ Maxwell,SL Malinga,6,0,"",""

ball,1,15.5,Kings XI Punjab,HM Amla,GJ Maxwell,SL Malinga,4,0,"",""

ball,1,15.6,Kings XI Punjab,HM Amla,GJ Maxwell,SL Malinga,0,0,"",""

ball,1,15.7,Kings XI Punjab,HM Amla,GJ Maxwell,SL Malinga,4,0,"",""

ball,1,16.1,Kings XI Punjab,GJ Maxwell,HM Amla,JJ Bumrah,0,1,"",""

ball,1,16.2,Kings XI Punjab,HM Amla,GJ Maxwell,JJ Bumrah,1,0,"",""

ball,1,16.3,Kings XI Punjab,GJ Maxwell,HM Amla,JJ Bumrah,0,0,bowled,GJ Maxwell

ball,1,16.4,Kings XI Punjab,MP Stoinis,HM Amla,JJ Bumrah,0,0,"",""

ball,1,16.5,Kings XI Punjab,MP Stoinis,HM Amla,JJ Bumrah,1,0,"",""

ball,1,16.6,Kings XI Punjab,HM Amla,MP Stoinis,JJ Bumrah,1,0,"",""

ball,1,17.1,Kings XI Punjab,HM Amla,MP Stoinis,MJ McClenaghan,0,1,"",""

ball,1,17.2,Kings XI Punjab,MP Stoinis,HM Amla,MJ McClenaghan,0,0,caught,MP Stoinis

ball,1,17.3,Kings XI Punjab,HM Amla,AR Patel,MJ McClenaghan,0,0,"",""

ball,1,17.4,Kings XI Punjab,HM Amla,AR Patel,MJ McClenaghan,0,0,"",""

ball,1,17.5,Kings XI Punjab,HM Amla,AR Patel,MJ McClenaghan,0,0,"",""

ball,1,17.6,Kings XI Punjab,HM Amla,AR Patel,MJ McClenaghan,4,0,"",""

ball,1,18.1,Kings XI Punjab,AR Patel,HM Amla,JJ Bumrah,0,0,"",""

ball,1,18.2,Kings XI Punjab,AR Patel,HM Amla,JJ Bumrah,1,0,"",""

ball,1,18.3,Kings XI Punjab,HM Amla,AR Patel,JJ Bumrah,2,1,"",""

ball,1,18.4,Kings XI Punjab,HM Amla,AR Patel,JJ Bumrah,0,0,"",""

ball,1,18.5,Kings XI Punjab,HM Amla,AR Patel,JJ Bumrah,4,0,"",""

ball,1,18.6,Kings XI Punjab,HM Amla,AR Patel,JJ Bumrah,1,0,"",""

ball,1,18.7,Kings XI Punjab,AR Patel,HM Amla,JJ Bumrah,0,1,"",""

ball,1,18.8,Kings XI Punjab,AR Patel,HM Amla,JJ Bumrah,0,0,"",""

ball,1,19.1,Kings XI Punjab,HM Amla,AR Patel,SL Malinga,0,1,"",""

ball,1,19.2,Kings XI Punjab,HM Amla,AR Patel,SL Malinga,6,0,"",""

ball,1,19.3,Kings XI Punjab,HM Amla,AR Patel,SL Malinga,6,0,"",""

ball,1,19.4,Kings XI Punjab,HM Amla,AR Patel,SL Malinga,1,0,"",""

ball,1,19.5,Kings XI Punjab,AR Patel,HM Amla,SL Malinga,2,0,"",""

ball,1,19.6,Kings XI Punjab,AR Patel,HM Amla,SL Malinga,1,0,"",""

ball,1,19.7,Kings XI Punjab,HM Amla,AR Patel,SL Malinga,1,0,"",""

ball,2,0.1,Mumbai Indians,PA Patel,JC Buttler,Sandeep Sharma,1,0,"",""

ball,2,0.2,Mumbai Indians,JC Buttler,PA Patel,Sandeep Sharma,1,0,"",""

ball,2,0.3,Mumbai Indians,PA Patel,JC Buttler,Sandeep Sharma,0,1,"",""

ball,2,0.4,Mumbai Indians,PA Patel,JC Buttler,Sandeep Sharma,1,0,"",""

ball,2,0.5,Mumbai Indians,JC Buttler,PA Patel,Sandeep Sharma,0,0,"",""

ball,2,0.6,Mumbai Indians,JC Buttler,PA Patel,Sandeep Sharma,0,0,"",""

ball,2,0.7,Mumbai Indians,JC Buttler,PA Patel,Sandeep Sharma,6,0,"",""

ball,2,1.1,Mumbai Indians,PA Patel,JC Buttler,I Sharma,1,0,"",""

ball,2,1.2,Mumbai Indians,JC Buttler,PA Patel,I Sharma,4,0,"",""

ball,2,1.3,Mumbai Indians,JC Buttler,PA Patel,I Sharma,0,1,"",""

ball,2,1.4,Mumbai Indians,PA Patel,JC Buttler,I Sharma,4,0,"",""

ball,2,1.5,Mumbai Indians,PA Patel,JC Buttler,I Sharma,0,1,"",""

ball,2,1.6,Mumbai Indians,JC Buttler,PA Patel,I Sharma,0,0,"",""

ball,2,2.1,Mumbai Indians,PA Patel,JC Buttler,Sandeep Sharma,1,0,"",""

ball,2,2.2,Mumbai Indians,JC Buttler,PA Patel,Sandeep Sharma,4,0,"",""

ball,2,2.3,Mumbai Indians,JC Buttler,PA Patel,Sandeep Sharma,1,0,"",""

ball,2,2.4,Mumbai Indians,PA Patel,JC Buttler,Sandeep Sharma,0,0,"",""

ball,2,2.5,Mumbai Indians,PA Patel,JC Buttler,Sandeep Sharma,1,0,"",""

ball,2,2.6,Mumbai Indians,JC Buttler,PA Patel,Sandeep Sharma,6,0,"",""

ball,2,3.1,Mumbai Indians,PA Patel,JC Buttler,I Sharma,6,0,"",""

ball,2,3.2,Mumbai Indians,PA Patel,JC Buttler,I Sharma,1,0,"",""

ball,2,3.3,Mumbai Indians,JC Buttler,PA Patel,I Sharma,4,0,"",""

ball,2,3.4,Mumbai Indians,JC Buttler,PA Patel,I Sharma,1,0,"",""

ball,2,3.5,Mumbai Indians,PA Patel,JC Buttler,I Sharma,4,0,"",""

ball,2,3.6,Mumbai Indians,PA Patel,JC Buttler,I Sharma,1,0,"",""

ball,2,4.1,Mumbai Indians,PA Patel,JC Buttler,MM Sharma,4,0,"",""

ball,2,4.2,Mumbai Indians,PA Patel,JC Buttler,MM Sharma,1,0,"",""

ball,2,4.3,Mumbai Indians,JC Buttler,PA Patel,MM Sharma,4,0,"",""

ball,2,4.4,Mumbai Indians,JC Buttler,PA Patel,MM Sharma,0,0,"",""

ball,2,4.5,Mumbai Indians,JC Buttler,PA Patel,MM Sharma,4,0,"",""

ball,2,4.6,Mumbai Indians,JC Buttler,PA Patel,MM Sharma,4,0,"",""

ball,2,5.1,Mumbai Indians,PA Patel,JC Buttler,MP Stoinis,6,0,"",""

ball,2,5.2,Mumbai Indians,PA Patel,JC Buttler,MP Stoinis,4,0,"",""

ball,2,5.3,Mumbai Indians,PA Patel,JC Buttler,MP Stoinis,0,1,"",""

ball,2,5.4,Mumbai Indians,PA Patel,JC Buttler,MP Stoinis,1,0,"",""

ball,2,5.5,Mumbai Indians,JC Buttler,PA Patel,MP Stoinis,1,0,"",""

ball,2,5.6,Mumbai Indians,PA Patel,JC Buttler,MP Stoinis,0,0,caught,PA Patel

ball,2,5.7,Mumbai Indians,N Rana,JC Buttler,MP Stoinis,1,0,"",""

ball,2,6.1,Mumbai Indians,N Rana,JC Buttler,AR Patel,1,0,"",""

ball,2,6.2,Mumbai Indians,JC Buttler,N Rana,AR Patel,1,0,"",""

ball,2,6.3,Mumbai Indians,N Rana,JC Buttler,AR Patel,0,0,"",""

ball,2,6.4,Mumbai Indians,N Rana,JC Buttler,AR Patel,0,1,"",""

ball,2,6.5,Mumbai Indians,JC Buttler,N Rana,AR Patel,2,0,"",""

ball,2,6.6,Mumbai Indians,JC Buttler,N Rana,AR Patel,0,0,"",""

ball,2,7.1,Mumbai Indians,N Rana,JC Buttler,MP Stoinis,6,0,"",""

ball,2,7.2,Mumbai Indians,N Rana,JC Buttler,MP Stoinis,1,0,"",""

ball,2,7.3,Mumbai Indians,JC Buttler,N Rana,MP Stoinis,1,0,"",""

ball,2,7.4,Mumbai Indians,N Rana,JC Buttler,MP Stoinis,1,0,"",""

ball,2,7.5,Mumbai Indians,JC Buttler,N Rana,MP Stoinis,4,0,"",""

ball,2,7.6,Mumbai Indians,JC Buttler,N Rana,MP Stoinis,1,0,"",""

ball,2,8.1,Mumbai Indians,JC Buttler,N Rana,AR Patel,1,0,"",""

ball,2,8.2,Mumbai Indians,N Rana,JC Buttler,AR Patel,0,0,"",""

ball,2,8.3,Mumbai Indians,N Rana,JC Buttler,AR Patel,6,0,"",""

ball,2,8.4,Mumbai Indians,N Rana,JC Buttler,AR Patel,0,1,"",""

ball,2,8.5,Mumbai Indians,N Rana,JC Buttler,AR Patel,1,0,"",""

ball,2,8.6,Mumbai Indians,JC Buttler,N Rana,AR Patel,6,0,"",""

ball,2,8.7,Mumbai Indians,JC Buttler,N Rana,AR Patel,1,0,"",""

ball,2,9.1,Mumbai Indians,JC Buttler,N Rana,Swapnil Singh,1,0,"",""

ball,2,9.2,Mumbai Indians,N Rana,JC Buttler,Swapnil Singh,1,0,"",""

ball,2,9.3,Mumbai Indians,JC Buttler,N Rana,Swapnil Singh,1,0,"",""

ball,2,9.4,Mumbai Indians,N Rana,JC Buttler,Swapnil Singh,1,0,"",""

ball,2,9.5,Mumbai Indians,JC Buttler,N Rana,Swapnil Singh,1,0,"",""

ball,2,9.6,Mumbai Indians,N Rana,JC Buttler,Swapnil Singh,1,0,"",""

ball,2,10.1,Mumbai Indians,N Rana,JC Buttler,I Sharma,6,0,"",""

ball,2,10.2,Mumbai Indians,N Rana,JC Buttler,I Sharma,1,0,"",""

ball,2,10.3,Mumbai Indians,JC Buttler,N Rana,I Sharma,1,0,"",""

ball,2,10.4,Mumbai Indians,N Rana,JC Buttler,I Sharma,1,0,"",""

ball,2,10.5,Mumbai Indians,JC Buttler,N Rana,I Sharma,1,0,"",""

ball,2,10.6,Mumbai Indians,N Rana,JC Buttler,I Sharma,1,0,"",""

ball,2,11.1,Mumbai Indians,N Rana,JC Buttler,Swapnil Singh,6,0,"",""

ball,2,11.2,Mumbai Indians,N Rana,JC Buttler,Swapnil Singh,6,0,"",""

ball,2,11.3,Mumbai Indians,N Rana,JC Buttler,Swapnil Singh,1,0,"",""

ball,2,11.4,Mumbai Indians,JC Buttler,N Rana,Swapnil Singh,1,0,"",""

ball,2,11.5,Mumbai Indians,N Rana,JC Buttler,Swapnil Singh,0,0,"",""

ball,2,11.6,Mumbai Indians,N Rana,JC Buttler,Swapnil Singh,2,0,"",""

ball,2,12.1,Mumbai Indians,JC Buttler,N Rana,Sandeep Sharma,0,1,"",""

ball,2,12.2,Mumbai Indians,JC Buttler,N Rana,Sandeep Sharma,1,0,"",""

ball,2,12.3,Mumbai Indians,N Rana,JC Buttler,Sandeep Sharma,1,0,"",""

ball,2,12.4,Mumbai Indians,JC Buttler,N Rana,Sandeep Sharma,6,0,"",""

ball,2,12.5,Mumbai Indians,JC Buttler,N Rana,Sandeep Sharma,6,0,"",""

ball,2,12.6,Mumbai Indians,JC Buttler,N Rana,Sandeep Sharma,1,0,"",""

ball,2,12.7,Mumbai Indians,N Rana,JC Buttler,Sandeep Sharma,0,0,"",""

ball,2,13.1,Mumbai Indians,JC Buttler,N Rana,MM Sharma,0,0,caught,JC Buttler

ball,2,13.2,Mumbai Indians,N Rana,HH Pandya,MM Sharma,0,0,"",""

ball,2,13.3,Mumbai Indians,N Rana,HH Pandya,MM Sharma,0,1,"",""

ball,2,13.4,Mumbai Indians,N Rana,HH Pandya,MM Sharma,0,0,"",""

ball,2,13.5,Mumbai Indians,N Rana,HH Pandya,MM Sharma,1,0,"",""

ball,2,13.6,Mumbai Indians,HH Pandya,N Rana,MM Sharma,1,0,"",""

ball,2,13.7,Mumbai Indians,N Rana,HH Pandya,MM Sharma,1,0,"",""

ball,2,14.1,Mumbai Indians,N Rana,HH Pandya,I Sharma,6,0,"",""

ball,2,14.2,Mumbai Indians,N Rana,HH Pandya,I Sharma,0,0,"",""

ball,2,14.3,Mumbai Indians,N Rana,HH Pandya,I Sharma,1,0,"",""

ball,2,14.4,Mumbai Indians,HH Pandya,N Rana,I Sharma,6,0,"",""

ball,2,14.5,Mumbai Indians,HH Pandya,N Rana,I Sharma,4,0,"",""

ball,2,14.6,Mumbai Indians,HH Pandya,N Rana,I Sharma,4,0,"",""

ball,2,15.1,Mumbai Indians,N Rana,HH Pandya,MM Sharma,0,0,"",""

ball,2,15.2,Mumbai Indians,N Rana,HH Pandya,MM Sharma,2,0,"",""

ball,2,15.3,Mumbai Indians,N Rana,HH Pandya,MM Sharma,6,0,"",""
