ball,1,0.1,Gujarat Lions,DR Smith,Ishan Kishan,B Kumar,0,0,"",""

ball,1,0.2,Gujarat Lions,DR Smith,Ishan Kishan,B Kumar,2,0,"",""

ball,1,0.3,Gujarat Lions,DR Smith,Ishan Kishan,B Kumar,4,0,"",""

ball,1,0.4,Gujarat Lions,DR Smith,Ishan Kishan,B Kumar,1,0,"",""

ball,1,0.5,Gujarat Lions,Ishan Kishan,DR Smith,B Kumar,0,0,"",""

ball,1,0.6,Gujarat Lions,Ishan Kishan,DR Smith,B Kumar,4,0,"",""

ball,1,1.1,Gujarat Lions,DR Smith,Ishan Kishan,Mohammed Siraj,0,0,"",""

ball,1,1.2,Gujarat Lions,DR Smith,Ishan Kishan,Mohammed Siraj,0,0,"",""

ball,1,1.3,Gujarat Lions,DR Smith,Ishan Kishan,Mohammed Siraj,1,0,"",""

ball,1,1.4,Gujarat Lions,Ishan Kishan,DR Smith,Mohammed Siraj,6,0,"",""

ball,1,1.5,Gujarat Lions,Ishan Kishan,DR Smith,Mohammed Siraj,1,0,"",""

ball,1,1.6,Gujarat Lions,DR Smith,Ishan Kishan,Mohammed Siraj,1,0,"",""

ball,1,2.1,Gujarat Lions,DR Smith,Ishan Kishan,S Kaul,1,0,"",""

ball,1,2.2,Gujarat Lions,Ishan Kishan,DR Smith,S Kaul,0,0,"",""

ball,1,2.3,Gujarat Lions,Ishan Kishan,DR Smith,S Kaul,6,0,"",""

ball,1,2.4,Gujarat Lions,Ishan Kishan,DR Smith,S Kaul,1,0,"",""

ball,1,2.5,Gujarat Lions,DR Smith,Ishan Kishan,S Kaul,1,0,"",""

ball,1,2.6,Gujarat Lions,Ishan Kishan,DR Smith,S Kaul,4,0,"",""

ball,1,3.1,Gujarat Lions,DR Smith,Ishan Kishan,Mohammad Nabi,0,0,"",""

ball,1,3.2,Gujarat Lions,DR Smith,Ishan Kishan,Mohammad Nabi,0,1,"",""

ball,1,3.3,Gujarat Lions,Ishan Kishan,DR Smith,Mohammad Nabi,0,0,"",""

ball,1,3.4,Gujarat Lions,Ishan Kishan,DR Smith,Mohammad Nabi,0,0,"",""

ball,1,3.5,Gujarat Lions,Ishan Kishan,DR Smith,Mohammad Nabi,1,0,"",""

ball,1,3.6,Gujarat Lions,DR Smith,Ishan Kishan,Mohammad Nabi,0,0,"",""

ball,1,4.1,Gujarat Lions,Ishan Kishan,DR Smith,Mohammed Siraj,4,0,"",""

ball,1,4.2,Gujarat Lions,Ishan Kishan,DR Smith,Mohammed Siraj,4,0,"",""

ball,1,4.3,Gujarat Lions,Ishan Kishan,DR Smith,Mohammed Siraj,1,0,"",""

ball,1,4.4,Gujarat Lions,DR Smith,Ishan Kishan,Mohammed Siraj,0,0,"",""

ball,1,4.5,Gujarat Lions,DR Smith,Ishan Kishan,Mohammed Siraj,4,0,"",""

ball,1,4.6,Gujarat Lions,DR Smith,Ishan Kishan,Mohammed Siraj,0,0,"",""

ball,1,5.1,Gujarat Lions,Ishan Kishan,DR Smith,Mohammad Nabi,1,0,"",""

ball,1,5.2,Gujarat Lions,DR Smith,Ishan Kishan,Mohammad Nabi,1,0,"",""

ball,1,5.3,Gujarat Lions,Ishan Kishan,DR Smith,Mohammad Nabi,1,0,"",""

ball,1,5.4,Gujarat Lions,DR Smith,Ishan Kishan,Mohammad Nabi,6,0,"",""

ball,1,5.5,Gujarat Lions,DR Smith,Ishan Kishan,Mohammad Nabi,4,0,"",""

ball,1,5.6,Gujarat Lions,DR Smith,Ishan Kishan,Mohammad Nabi,0,0,"",""

ball,1,6.1,Gujarat Lions,Ishan Kishan,DR Smith,S Kaul,1,0,"",""

ball,1,6.2,Gujarat Lions,DR Smith,Ishan Kishan,S Kaul,1,0,"",""

ball,1,6.3,Gujarat Lions,Ishan Kishan,DR Smith,S Kaul,0,0,"",""

ball,1,6.4,Gujarat Lions,Ishan Kishan,DR Smith,S Kaul,2,0,"",""

ball,1,6.5,Gujarat Lions,Ishan Kishan,DR Smith,S Kaul,6,0,"",""

ball,1,6.6,Gujarat Lions,Ishan Kishan,DR Smith,S Kaul,0,1,"",""

ball,1,6.7,Gujarat Lions,Ishan Kishan,DR Smith,S Kaul,0,1,"",""

ball,1,7.1,Gujarat Lions,Ishan Kishan,DR Smith,Mohammad Nabi,0,0,"",""

ball,1,7.2,Gujarat Lions,Ishan Kishan,DR Smith,Mohammad Nabi,1,0,"",""

ball,1,7.3,Gujarat Lions,DR Smith,Ishan Kishan,Mohammad Nabi,1,0,"",""

ball,1,7.4,Gujarat Lions,Ishan Kishan,DR Smith,Mohammad Nabi,0,0,"",""

ball,1,7.5,Gujarat Lions,Ishan Kishan,DR Smith,Mohammad Nabi,1,0,"",""

ball,1,7.6,Gujarat Lions,DR Smith,Ishan Kishan,Mohammad Nabi,0,0,"",""

ball,1,8.1,Gujarat Lions,Ishan Kishan,DR Smith,Rashid Khan,0,0,"",""

ball,1,8.2,Gujarat Lions,Ishan Kishan,DR Smith,Rashid Khan,6,0,"",""

ball,1,8.3,Gujarat Lions,Ishan Kishan,DR Smith,Rashid Khan,1,0,"",""

ball,1,8.4,Gujarat Lions,DR Smith,Ishan Kishan,Rashid Khan,0,0,"",""

ball,1,8.5,Gujarat Lions,DR Smith,Ishan Kishan,Rashid Khan,6,0,"",""

ball,1,8.6,Gujarat Lions,DR Smith,Ishan Kishan,Rashid Khan,4,0,"",""

ball,1,9.1,Gujarat Lions,Ishan Kishan,DR Smith,MC Henriques,1,0,"",""

ball,1,9.2,Gujarat Lions,DR Smith,Ishan Kishan,MC Henriques,4,0,"",""

ball,1,9.3,Gujarat Lions,DR Smith,Ishan Kishan,MC Henriques,2,0,"",""

ball,1,9.4,Gujarat Lions,DR Smith,Ishan Kishan,MC Henriques,4,0,"",""

ball,1,9.5,Gujarat Lions,DR Smith,Ishan Kishan,MC Henriques,1,0,"",""

ball,1,9.6,Gujarat Lions,Ishan Kishan,DR Smith,MC Henriques,0,0,"",""

ball,1,10.1,Gujarat Lions,DR Smith,Ishan Kishan,Rashid Khan,1,0,"",""

ball,1,10.2,Gujarat Lions,Ishan Kishan,DR Smith,Rashid Khan,0,0,"",""

ball,1,10.3,Gujarat Lions,Ishan Kishan,DR Smith,Rashid Khan,1,0,"",""

ball,1,10.4,Gujarat Lions,DR Smith,Ishan Kishan,Rashid Khan,4,0,"",""

ball,1,10.5,Gujarat Lions,DR Smith,Ishan Kishan,Rashid Khan,0,0,lbw,DR Smith

ball,1,10.6,Gujarat Lions,SK Raina,Ishan Kishan,Rashid Khan,0,0,"",""

ball,1,11.1,Gujarat Lions,Ishan Kishan,SK Raina,B Kumar,4,0,"",""

ball,1,11.2,Gujarat Lions,Ishan Kishan,SK Raina,B Kumar,0,0,"",""

ball,1,11.3,Gujarat Lions,Ishan Kishan,SK Raina,B Kumar,1,0,"",""

ball,1,11.4,Gujarat Lions,SK Raina,Ishan Kishan,B Kumar,1,0,"",""

ball,1,11.5,Gujarat Lions,Ishan Kishan,SK Raina,B Kumar,0,0,"",""

ball,1,11.6,Gujarat Lions,Ishan Kishan,SK Raina,B Kumar,1,0,"",""

ball,1,12.1,Gujarat Lions,Ishan Kishan,SK Raina,Mohammed Siraj,0,0,"",""

ball,1,12.2,Gujarat Lions,Ishan Kishan,SK Raina,Mohammed Siraj,1,0,"",""

ball,1,12.3,Gujarat Lions,SK Raina,Ishan Kishan,Mohammed Siraj,1,0,"",""

ball,1,12.4,Gujarat Lions,Ishan Kishan,SK Raina,Mohammed Siraj,0,0,caught,Ishan Kishan

ball,1,12.5,Gujarat Lions,SK Raina,KD Karthik,Mohammed Siraj,0,0,"",""

ball,1,12.6,Gujarat Lions,SK Raina,KD Karthik,Mohammed Siraj,0,0,caught,SK Raina

ball,1,13.1,Gujarat Lions,KD Karthik,AJ Finch,Rashid Khan,0,0,caught,KD Karthik

ball,1,13.2,Gujarat Lions,RA Jadeja,AJ Finch,Rashid Khan,1,0,"",""

ball,1,13.3,Gujarat Lions,AJ Finch,RA Jadeja,Rashid Khan,2,0,"",""

ball,1,13.4,Gujarat Lions,AJ Finch,RA Jadeja,Rashid Khan,0,0,"",""

ball,1,13.5,Gujarat Lions,AJ Finch,RA Jadeja,Rashid Khan,0,0,bowled,AJ Finch

ball,1,13.6,Gujarat Lions,JP Faulkner,RA Jadeja,Rashid Khan,0,0,"",""

ball,1,14.1,Gujarat Lions,RA Jadeja,JP Faulkner,S Kaul,0,0,"",""

ball,1,14.2,Gujarat Lions,RA Jadeja,JP Faulkner,S Kaul,1,0,"",""

ball,1,14.3,Gujarat Lions,JP Faulkner,RA Jadeja,S Kaul,0,0,"",""

ball,1,14.4,Gujarat Lions,JP Faulkner,RA Jadeja,S Kaul,0,0,"",""

ball,1,14.5,Gujarat Lions,JP Faulkner,RA Jadeja,S Kaul,1,0,"",""

ball,1,14.6,Gujarat Lions,RA Jadeja,JP Faulkner,S Kaul,1,0,"",""

ball,1,15.1,Gujarat Lions,RA Jadeja,JP Faulkner,Rashid Khan,4,0,"",""

ball,1,15.2,Gujarat Lions,RA Jadeja,JP Faulkner,Rashid Khan,1,0,"",""

ball,1,15.3,Gujarat Lions,JP Faulkner,RA Jadeja,Rashid Khan,1,0,"",""

ball,1,15.4,Gujarat Lions,RA Jadeja,JP Faulkner,Rashid Khan,1,0,"",""

ball,1,15.5,Gujarat Lions,JP Faulkner,RA Jadeja,Rashid Khan,0,0,"",""

ball,1,15.6,Gujarat Lions,JP Faulkner,RA Jadeja,Rashid Khan,1,0,"",""

ball,1,16.1,Gujarat Lions,JP Faulkner,RA Jadeja,Mohammed Siraj,4,0,"",""

ball,1,16.2,Gujarat Lions,JP Faulkner,RA Jadeja,Mohammed Siraj,1,0,"",""

ball,1,16.3,Gujarat Lions,RA Jadeja,JP Faulkner,Mohammed Siraj,2,0,"",""

ball,1,16.4,Gujarat Lions,RA Jadeja,JP Faulkner,Mohammed Siraj,1,0,"",""

ball,1,16.5,Gujarat Lions,JP Faulkner,RA Jadeja,Mohammed Siraj,0,0,bowled,JP Faulkner

ball,1,16.6,Gujarat Lions,PJ Sangwan,RA Jadeja,Mohammed Siraj,0,0,bowled,PJ Sangwan

ball,1,17.1,Gujarat Lions,RA Jadeja,Ankit Soni,B Kumar,1,0,"",""

ball,1,17.2,Gujarat Lions,Ankit Soni,RA Jadeja,B Kumar,0,1,"",""

ball,1,17.3,Gujarat Lions,RA Jadeja,Ankit Soni,B Kumar,0,1,"",""

ball,1,17.4,Gujarat Lions,RA Jadeja,Ankit Soni,B Kumar,4,0,"",""

ball,1,17.5,Gujarat Lions,RA Jadeja,Ankit Soni,B Kumar,1,0,"",""

ball,1,17.6,Gujarat Lions,Ankit Soni,RA Jadeja,B Kumar,0,0,"",""

ball,1,17.7,Gujarat Lions,Ankit Soni,RA Jadeja,B Kumar,0,0,"",""

ball,1,18.1,Gujarat Lions,RA Jadeja,Ankit Soni,S Kaul,1,0,"",""

ball,1,18.2,Gujarat Lions,Ankit Soni,RA Jadeja,S Kaul,0,1,"",""

ball,1,18.3,Gujarat Lions,RA Jadeja,Ankit Soni,S Kaul,1,0,"",""

ball,1,18.4,Gujarat Lions,Ankit Soni,RA Jadeja,S Kaul,0,0,"",""

ball,1,18.5,Gujarat Lions,Ankit Soni,RA Jadeja,S Kaul,0,0,bowled,Ankit Soni

ball,1,18.6,Gujarat Lions,P Kumar,RA Jadeja,S Kaul,1,0,"",""

ball,1,19.1,Gujarat Lions,P Kumar,RA Jadeja,B Kumar,0,0,bowled,P Kumar

ball,1,19.2,Gujarat Lions,MM Patel,RA Jadeja,B Kumar,0,0,bowled,MM Patel

ball,2,0.1,Sunrisers Hyderabad,DA Warner,S Dhawan,P Kumar,0,0,"",""

ball,2,0.2,Sunrisers Hyderabad,DA Warner,S Dhawan,P Kumar,1,0,"",""

ball,2,0.3,Sunrisers Hyderabad,S Dhawan,DA Warner,P Kumar,0,0,"",""

ball,2,0.4,Sunrisers Hyderabad,S Dhawan,DA Warner,P Kumar,0,0,"",""

ball,2,0.5,Sunrisers Hyderabad,S Dhawan,DA Warner,P Kumar,4,0,"",""

ball,2,0.6,Sunrisers Hyderabad,S Dhawan,DA Warner,P Kumar,0,1,"",""

ball,2,0.7,Sunrisers Hyderabad,S Dhawan,DA Warner,P Kumar,1,0,"",""

ball,2,1.1,Sunrisers Hyderabad,S Dhawan,DA Warner,PJ Sangwan,4,0,"",""

ball,2,1.2,Sunrisers Hyderabad,S Dhawan,DA Warner,PJ Sangwan,4,0,"",""

ball,2,1.3,Sunrisers Hyderabad,S Dhawan,DA Warner,PJ Sangwan,4,0,"",""

ball,2,1.4,Sunrisers Hyderabad,S Dhawan,DA Warner,PJ Sangwan,0,0,"",""

ball,2,1.5,Sunrisers Hyderabad,S Dhawan,DA Warner,PJ Sangwan,0,0,"",""

ball,2,1.6,Sunrisers Hyderabad,S Dhawan,DA Warner,PJ Sangwan,1,0,"",""

ball,2,2.1,Sunrisers Hyderabad,S Dhawan,DA Warner,P Kumar,0,0,caught,S Dhawan

ball,2,2.2,Sunrisers Hyderabad,DA Warner,MC Henriques,P Kumar,0,0,"",""

ball,2,2.3,Sunrisers Hyderabad,DA Warner,MC Henriques,P Kumar,0,0,"",""

ball,2,2.4,Sunrisers Hyderabad,DA Warner,MC Henriques,P Kumar,1,0,"",""

ball,2,2.5,Sunrisers Hyderabad,MC Henriques,DA Warner,P Kumar,4,0,"",""

ball,2,2.6,Sunrisers Hyderabad,MC Henriques,DA Warner,P Kumar,0,0,caught,MC Henriques

ball,2,3.1,Sunrisers Hyderabad,DA Warner,V Shankar,PJ Sangwan,1,0,"",""

ball,2,3.2,Sunrisers Hyderabad,V Shankar,DA Warner,PJ Sangwan,0,0,"",""

ball,2,3.3,Sunrisers Hyderabad,V Shankar,DA Warner,PJ Sangwan,1,0,"",""

ball,2,3.4,Sunrisers Hyderabad,DA Warner,V Shankar,PJ Sangwan,0,0,"",""

ball,2,3.5,Sunrisers Hyderabad,DA Warner,V Shankar,PJ Sangwan,0,0,"",""

ball,2,3.6,Sunrisers Hyderabad,DA Warner,V Shankar,PJ Sangwan,0,0,"",""

ball,2,4.1,Sunrisers Hyderabad,V Shankar,DA Warner,P Kumar,0,0,"",""

ball,2,4.2,Sunrisers Hyderabad,V Shankar,DA Warner,P Kumar,0,0,"",""

ball,2,4.3,Sunrisers Hyderabad,V Shankar,DA Warner,P Kumar,1,0,"",""

ball,2,4.4,Sunrisers Hyderabad,DA Warner,V Shankar,P Kumar,4,0,"",""

ball,2,4.5,Sunrisers Hyderabad,DA Warner,V Shankar,P Kumar,0,0,"",""

ball,2,4.6,Sunrisers Hyderabad,DA Warner,V Shankar,P Kumar,0,1,"",""

ball,2,5.1,Sunrisers Hyderabad,DA Warner,V Shankar,JP Faulkner,2,0,"",""

ball,2,5.2,Sunrisers Hyderabad,DA Warner,V Shankar,JP Faulkner,1,0,"",""

ball,2,5.3,Sunrisers Hyderabad,V Shankar,DA Warner,JP Faulkner,4,0,"",""

ball,2,5.4,Sunrisers Hyderabad,V Shankar,DA Warner,JP Faulkner,1,0,"",""

ball,2,5.5,Sunrisers Hyderabad,DA Warner,V Shankar,JP Faulkner,2,0,"",""

ball,2,5.6,Sunrisers Hyderabad,DA Warner,V Shankar,JP Faulkner,4,0,"",""

ball,2,6.1,Sunrisers Hyderabad,V Shankar,DA Warner,MM Patel,1,0,"",""

ball,2,6.2,Sunrisers Hyderabad,DA Warner,V Shankar,MM Patel,1,0,"",""

ball,2,6.3,Sunrisers Hyderabad,V Shankar,DA Warner,MM Patel,1,0,"",""

ball,2,6.4,Sunrisers Hyderabad,DA Warner,V Shankar,MM Patel,0,0,"",""

ball,2,6.5,Sunrisers Hyderabad,DA Warner,V Shankar,MM Patel,1,0,"",""

ball,2,6.6,Sunrisers Hyderabad,V Shankar,DA Warner,MM Patel,1,0,"",""

ball,2,7.1,Sunrisers Hyderabad,V Shankar,DA Warner,RA Jadeja,1,0,"",""

ball,2,7.2,Sunrisers Hyderabad,DA Warner,V Shankar,RA Jadeja,1,0,"",""

ball,2,7.3,Sunrisers Hyderabad,V Shankar,DA Warner,RA Jadeja,1,0,"",""

ball,2,7.4,Sunrisers Hyderabad,DA Warner,V Shankar,RA Jadeja,0,0,"",""

ball,2,7.5,Sunrisers Hyderabad,DA Warner,V Shankar,RA Jadeja,2,0,"",""

ball,2,7.6,Sunrisers Hyderabad,DA Warner,V Shankar,RA Jadeja,1,0,"",""

ball,2,8.1,Sunrisers Hyderabad,DA Warner,V Shankar,MM Patel,4,0,"",""

ball,2,8.2,Sunrisers Hyderabad,DA Warner,V Shankar,MM Patel,1,0,"",""

ball,2,8.3,Sunrisers Hyderabad,V Shankar,DA Warner,MM Patel,2,0,"",""

ball,2,8.4,Sunrisers Hyderabad,V Shankar,DA Warner,MM Patel,1,0,"",""

ball,2,8.5,Sunrisers Hyderabad,DA Warner,V Shankar,MM Patel,1,0,"",""

ball,2,8.6,Sunrisers Hyderabad,V Shankar,DA Warner,MM Patel,4,0,"",""

ball,2,9.1,Sunrisers Hyderabad,DA Warner,V Shankar,Ankit Soni,1,0,"",""

ball,2,9.2,Sunrisers Hyderabad,V Shankar,DA Warner,Ankit Soni,1,0,"",""

ball,2,9.3,Sunrisers Hyderabad,DA Warner,V Shankar,Ankit Soni,0,0,"",""

ball,2,9.4,Sunrisers Hyderabad,DA Warner,V Shankar,Ankit Soni,4,0,"",""

ball,2,9.5,Sunrisers Hyderabad,DA Warner,V Shankar,Ankit Soni,1,0,"",""

ball,2,9.6,Sunrisers Hyderabad,V Shankar,DA Warner,Ankit Soni,4,0,"",""

ball,2,10.1,Sunrisers Hyderabad,DA Warner,V Shankar,MM Patel,1,0,"",""

ball,2,10.2,Sunrisers Hyderabad,V Shankar,DA Warner,MM Patel,1,0,"",""

ball,2,10.3,Sunrisers Hyderabad,DA Warner,V Shankar,MM Patel,0,0,"",""

ball,2,10.4,Sunrisers Hyderabad,DA Warner,V Shankar,MM Patel,1,0,"",""

ball,2,10.5,Sunrisers Hyderabad,V Shankar,DA Warner,MM Patel,1,0,"",""

ball,2,10.6,Sunrisers Hyderabad,DA Warner,V Shankar,MM Patel,0,0,"",""

ball,2,11.1,Sunrisers Hyderabad,V Shankar,DA Warner,Ankit Soni,1,0,"",""

ball,2,11.2,Sunrisers Hyderabad,DA Warner,V Shankar,Ankit Soni,2,0,"",""

ball,2,11.3,Sunrisers Hyderabad,DA Warner,V Shankar,Ankit Soni,4,0,"",""

ball,2,11.4,Sunrisers Hyderabad,DA Warner,V Shankar,Ankit Soni,1,0,"",""

ball,2,11.5,Sunrisers Hyderabad,V Shankar,DA Warner,Ankit Soni,4,0,"",""

ball,2,11.6,Sunrisers Hyderabad,V Shankar,DA Warner,Ankit Soni,4,0,"",""

ball,2,12.1,Sunrisers Hyderabad,DA Warner,V Shankar,JP Faulkner,1,0,"",""

ball,2,12.2,Sunrisers Hyderabad,V Shankar,DA Warner,JP Faulkner,1,0,"",""

ball,2,12.3,Sunrisers Hyderabad,DA Warner,V Shankar,JP Faulkner,1,0,"",""

ball,2,12.4,Sunrisers Hyderabad,V Shankar,DA Warner,JP Faulkner,1,0,"",""

ball,2,12.5,Sunrisers Hyderabad,DA Warner,V Shankar,JP Faulkner,4,0,"",""

ball,2,12.6,Sunrisers Hyderabad,DA Warner,V Shankar,JP Faulkner,2,0,"",""

ball,2,13.1,Sunrisers Hyderabad,V Shankar,DA Warner,RA Jadeja,1,0,"",""

ball,2,13.2,Sunrisers Hyderabad,DA Warner,V Shankar,RA Jadeja,2,0,"",""

ball,2,13.3,Sunrisers Hyderabad,DA Warner,V Shankar,RA Jadeja,1,0,"",""

ball,2,13.4,Sunrisers Hyderabad,V Shankar,DA Warner,RA Jadeja,0,0,"",""

ball,2,13.5,Sunrisers Hyderabad,V Shankar,DA Warner,RA Jadeja,0,0,"",""

ball,2,13.6,Sunrisers Hyderabad,V Shankar,DA Warner,RA Jadeja,1,0,"",""

ball,2,14.1,Sunrisers Hyderabad,V Shankar,DA Warner,PJ Sangwan,0,0,"",""

ball,2,14.2,Sunrisers Hyderabad,V Shankar,DA Warner,PJ Sangwan,4,0,"",""

ball,2,14.3,Sunrisers Hyderabad,V Shankar,DA Warner,PJ Sangwan,0,0,"",""

ball,2,14.4,Sunrisers Hyderabad,V Shankar,DA Warner,PJ Sangwan,4,0,"",""

ball,2,14.5,Sunrisers Hyderabad,V Shankar,DA Warner,PJ Sangwan,0,0,"",""

ball,2,14.6,Sunrisers Hyderabad,V Shankar,DA Warner,PJ Sangwan,2,0,"",""

ball,2,15.1,Sunrisers Hyderabad,DA Warner,V Shankar,RA Jadeja,4,0,"",""

ball,2,15.2,Sunrisers Hyderabad,DA Warner,V Shankar,RA Jadeja,1,0,"",""

ball,2,15.3,Sunrisers Hyderabad,V Shankar,DA Warner,RA Jadeja,1,0,"",""

ball,2,15.4,Sunrisers Hyderabad,DA Warner,V Shankar,RA Jadeja,0,0,"",""

ball,2,15.5,Sunrisers Hyderabad,DA Warner,V Shankar,RA Jadeja,1,0,"",""

ball,2,15.6,Sunrisers Hyderabad,V Shankar,DA Warner,RA Jadeja,1,0,"",""

ball,2,16.1,Sunrisers Hyderabad,V Shankar,DA Warner,P Kumar,0,0,"",""

ball,2,16.2,Sunrisers Hyderabad,V Shankar,DA Warner,P Kumar,0,0,"",""

ball,2,16.3,Sunrisers Hyderabad,V Shankar,DA Warner,P Kumar,1,0,"",""

ball,2,16.4,Sunrisers Hyderabad,DA Warner,V Shankar,P Kumar,0,2,"",""

ball,2,16.5,Sunrisers Hyderabad,DA Warner,V Shankar,P Kumar,0,0,"",""

ball,2,16.6,Sunrisers Hyderabad,DA Warner,V Shankar,P Kumar,4,0,"",""

ball,2,17.1,Sunrisers Hyderabad,V Shankar,DA Warner,PJ Sangwan,1,0,"",""

ball,2,17.2,Sunrisers Hyderabad,DA Warner,V Shankar,PJ Sangwan,1,0,"",""

ball,2,17.3,Sunrisers Hyderabad,V Shankar,DA Warner,PJ Sangwan,4,0,"",""

ball,2,17.4,Sunrisers Hyderabad,V Shankar,DA Warner,PJ Sangwan,2,0,"",""

ball,2,17.5,Sunrisers Hyderabad,V Shankar,DA Warner,PJ Sangwan,4,0,"",""

ball,2,17.6,Sunrisers Hyderabad,V Shankar,DA Warner,PJ Sangwan,0,0,"",""

ball,2,18.1,Sunrisers Hyderabad,DA Warner,V Shankar,Ankit Soni,4,0,"",""
