ball,1,0.1,Mumbai Indians,LMP Simmons,PA Patel,JD Unadkat,0,0,"",""

ball,1,0.2,Mumbai Indians,LMP Simmons,PA Patel,JD Unadkat,0,0,"",""

ball,1,0.3,Mumbai Indians,LMP Simmons,PA Patel,JD Unadkat,0,0,"",""

ball,1,0.4,Mumbai Indians,LMP Simmons,PA Patel,JD Unadkat,1,0,"",""

ball,1,0.5,Mumbai Indians,PA Patel,LMP Simmons,JD Unadkat,1,0,"",""

ball,1,0.6,Mumbai Indians,LMP Simmons,PA Patel,JD Unadkat,1,0,"",""

ball,1,1.1,Mumbai Indians,LMP Simmons,PA Patel,Washington Sundar,0,0,"",""

ball,1,1.2,Mumbai Indians,LMP Simmons,PA Patel,Washington Sundar,1,0,"",""

ball,1,1.3,Mumbai Indians,PA Patel,LMP Simmons,Washington Sundar,0,0,"",""

ball,1,1.4,Mumbai Indians,PA Patel,LMP Simmons,Washington Sundar,0,0,"",""

ball,1,1.5,Mumbai Indians,PA Patel,LMP Simmons,Washington Sundar,2,0,"",""

ball,1,1.6,Mumbai Indians,PA Patel,LMP Simmons,Washington Sundar,1,0,"",""

ball,1,2.1,Mumbai Indians,PA Patel,LMP Simmons,JD Unadkat,0,0,caught,PA Patel

ball,1,2.2,Mumbai Indians,AT Rayudu,LMP Simmons,JD Unadkat,0,0,"",""

ball,1,2.3,Mumbai Indians,AT Rayudu,LMP Simmons,JD Unadkat,1,0,"",""

ball,1,2.4,Mumbai Indians,LMP Simmons,AT Rayudu,JD Unadkat,0,0,caught and bowled,LMP Simmons

ball,1,2.5,Mumbai Indians,RG Sharma,AT Rayudu,JD Unadkat,0,0,"",""

ball,1,2.6,Mumbai Indians,RG Sharma,AT Rayudu,JD Unadkat,1,0,"",""

ball,1,3.1,Mumbai Indians,RG Sharma,AT Rayudu,Washington Sundar,0,0,"",""

ball,1,3.2,Mumbai Indians,RG Sharma,AT Rayudu,Washington Sundar,0,0,"",""

ball,1,3.3,Mumbai Indians,RG Sharma,AT Rayudu,Washington Sundar,1,0,"",""

ball,1,3.4,Mumbai Indians,AT Rayudu,RG Sharma,Washington Sundar,0,0,"",""

ball,1,3.5,Mumbai Indians,AT Rayudu,RG Sharma,Washington Sundar,0,0,"",""

ball,1,3.6,Mumbai Indians,AT Rayudu,RG Sharma,Washington Sundar,1,0,"",""

ball,1,4.1,Mumbai Indians,AT Rayudu,RG Sharma,SN Thakur,1,0,"",""

ball,1,4.2,Mumbai Indians,RG Sharma,AT Rayudu,SN Thakur,1,0,"",""

ball,1,4.3,Mumbai Indians,AT Rayudu,RG Sharma,SN Thakur,0,1,"",""

ball,1,4.4,Mumbai Indians,AT Rayudu,RG Sharma,SN Thakur,1,0,"",""

ball,1,4.5,Mumbai Indians,RG Sharma,AT Rayudu,SN Thakur,0,0,"",""

ball,1,4.6,Mumbai Indians,RG Sharma,AT Rayudu,SN Thakur,1,0,"",""

ball,1,4.7,Mumbai Indians,AT Rayudu,RG Sharma,SN Thakur,0,0,"",""

ball,1,5.1,Mumbai Indians,RG Sharma,AT Rayudu,LH Ferguson,4,0,"",""

ball,1,5.2,Mumbai Indians,RG Sharma,AT Rayudu,LH Ferguson,0,0,"",""

ball,1,5.3,Mumbai Indians,RG Sharma,AT Rayudu,LH Ferguson,4,0,"",""

ball,1,5.4,Mumbai Indians,RG Sharma,AT Rayudu,LH Ferguson,0,0,"",""

ball,1,5.5,Mumbai Indians,RG Sharma,AT Rayudu,LH Ferguson,4,0,"",""

ball,1,5.6,Mumbai Indians,RG Sharma,AT Rayudu,LH Ferguson,4,0,"",""

ball,1,6.1,Mumbai Indians,AT Rayudu,RG Sharma,A Zampa,0,0,"",""

ball,1,6.2,Mumbai Indians,AT Rayudu,RG Sharma,A Zampa,4,0,"",""

ball,1,6.3,Mumbai Indians,AT Rayudu,RG Sharma,A Zampa,2,0,"",""

ball,1,6.4,Mumbai Indians,AT Rayudu,RG Sharma,A Zampa,1,0,"",""

ball,1,6.5,Mumbai Indians,RG Sharma,AT Rayudu,A Zampa,1,0,"",""

ball,1,6.6,Mumbai Indians,AT Rayudu,RG Sharma,A Zampa,1,0,"",""

ball,1,7.1,Mumbai Indians,AT Rayudu,RG Sharma,LH Ferguson,0,0,"",""

ball,1,7.2,Mumbai Indians,AT Rayudu,RG Sharma,LH Ferguson,0,0,run out,AT Rayudu

ball,1,7.3,Mumbai Indians,RG Sharma,KH Pandya,LH Ferguson,1,0,"",""

ball,1,7.4,Mumbai Indians,KH Pandya,RG Sharma,LH Ferguson,2,0,"",""

ball,1,7.5,Mumbai Indians,KH Pandya,RG Sharma,LH Ferguson,1,0,"",""

ball,1,7.6,Mumbai Indians,RG Sharma,KH Pandya,LH Ferguson,0,1,"",""

ball,1,7.7,Mumbai Indians,RG Sharma,KH Pandya,LH Ferguson,0,0,"",""

ball,1,8.1,Mumbai Indians,KH Pandya,RG Sharma,A Zampa,0,0,"",""

ball,1,8.2,Mumbai Indians,KH Pandya,RG Sharma,A Zampa,0,0,"",""

ball,1,8.3,Mumbai Indians,KH Pandya,RG Sharma,A Zampa,0,1,"",""

ball,1,8.4,Mumbai Indians,KH Pandya,RG Sharma,A Zampa,1,0,"",""

ball,1,8.5,Mumbai Indians,RG Sharma,KH Pandya,A Zampa,0,0,"",""

ball,1,8.6,Mumbai Indians,RG Sharma,KH Pandya,A Zampa,1,0,"",""

ball,1,8.7,Mumbai Indians,KH Pandya,RG Sharma,A Zampa,1,0,"",""

ball,1,9.1,Mumbai Indians,KH Pandya,RG Sharma,Washington Sundar,0,0,"",""

ball,1,9.2,Mumbai Indians,KH Pandya,RG Sharma,Washington Sundar,1,0,"",""

ball,1,9.3,Mumbai Indians,RG Sharma,KH Pandya,Washington Sundar,0,0,"",""

ball,1,9.4,Mumbai Indians,RG Sharma,KH Pandya,Washington Sundar,1,0,"",""

ball,1,9.5,Mumbai Indians,KH Pandya,RG Sharma,Washington Sundar,0,0,"",""

ball,1,9.6,Mumbai Indians,KH Pandya,RG Sharma,Washington Sundar,4,0,"",""

ball,1,10.1,Mumbai Indians,RG Sharma,KH Pandya,A Zampa,0,0,caught,RG Sharma

ball,1,10.2,Mumbai Indians,KH Pandya,KA Pollard,A Zampa,1,0,"",""

ball,1,10.3,Mumbai Indians,KA Pollard,KH Pandya,A Zampa,6,0,"",""

ball,1,10.4,Mumbai Indians,KA Pollard,KH Pandya,A Zampa,1,0,"",""

ball,1,10.5,Mumbai Indians,KH Pandya,KA Pollard,A Zampa,1,0,"",""

ball,1,10.6,Mumbai Indians,KA Pollard,KH Pandya,A Zampa,0,0,caught,KA Pollard

ball,1,11.1,Mumbai Indians,KH Pandya,HH Pandya,Washington Sundar,0,0,"",""

ball,1,11.2,Mumbai Indians,KH Pandya,HH Pandya,Washington Sundar,0,0,"",""

ball,1,11.3,Mumbai Indians,KH Pandya,HH Pandya,Washington Sundar,1,0,"",""

ball,1,11.4,Mumbai Indians,HH Pandya,KH Pandya,Washington Sundar,0,0,"",""

ball,1,11.5,Mumbai Indians,HH Pandya,KH Pandya,Washington Sundar,0,0,"",""

ball,1,11.6,Mumbai Indians,HH Pandya,KH Pandya,Washington Sundar,0,0,"",""

ball,1,12.1,Mumbai Indians,KH Pandya,HH Pandya,A Zampa,1,0,"",""

ball,1,12.2,Mumbai Indians,HH Pandya,KH Pandya,A Zampa,6,0,"",""

ball,1,12.3,Mumbai Indians,HH Pandya,KH Pandya,A Zampa,0,0,"",""

ball,1,12.4,Mumbai Indians,HH Pandya,KH Pandya,A Zampa,1,0,"",""

ball,1,12.5,Mumbai Indians,KH Pandya,HH Pandya,A Zampa,1,0,"",""

ball,1,12.6,Mumbai Indians,HH Pandya,KH Pandya,A Zampa,1,0,"",""

ball,1,13.1,Mumbai Indians,HH Pandya,KH Pandya,DT Christian,2,0,"",""

ball,1,13.2,Mumbai Indians,HH Pandya,KH Pandya,DT Christian,0,0,lbw,HH Pandya

ball,1,13.3,Mumbai Indians,KV Sharma,KH Pandya,DT Christian,0,0,"",""

ball,1,13.4,Mumbai Indians,KV Sharma,KH Pandya,DT Christian,0,0,"",""

ball,1,13.5,Mumbai Indians,KV Sharma,KH Pandya,DT Christian,0,0,"",""

ball,1,13.6,Mumbai Indians,KV Sharma,KH Pandya,DT Christian,1,0,"",""

ball,1,14.1,Mumbai Indians,KV Sharma,KH Pandya,SN Thakur,0,0,run out,KV Sharma

ball,1,14.2,Mumbai Indians,MG Johnson,KH Pandya,SN Thakur,0,0,"",""

ball,1,14.3,Mumbai Indians,MG Johnson,KH Pandya,SN Thakur,1,0,"",""

ball,1,14.4,Mumbai Indians,KH Pandya,MG Johnson,SN Thakur,1,0,"",""

ball,1,14.5,Mumbai Indians,MG Johnson,KH Pandya,SN Thakur,0,0,"",""

ball,1,14.6,Mumbai Indians,MG Johnson,KH Pandya,SN Thakur,0,0,"",""

ball,1,15.1,Mumbai Indians,KH Pandya,MG Johnson,DT Christian,0,0,"",""

ball,1,15.2,Mumbai Indians,KH Pandya,MG Johnson,DT Christian,1,0,"",""

ball,1,15.3,Mumbai Indians,MG Johnson,KH Pandya,DT Christian,0,0,"",""

ball,1,15.4,Mumbai Indians,MG Johnson,KH Pandya,DT Christian,1,0,"",""

ball,1,15.5,Mumbai Indians,KH Pandya,MG Johnson,DT Christian,2,0,"",""

ball,1,15.6,Mumbai Indians,KH Pandya,MG Johnson,DT Christian,1,0,"",""

ball,1,16.1,Mumbai Indians,KH Pandya,MG Johnson,JD Unadkat,0,2,"",""

ball,1,16.2,Mumbai Indians,KH Pandya,MG Johnson,JD Unadkat,0,0,"",""

ball,1,16.3,Mumbai Indians,KH Pandya,MG Johnson,JD Unadkat,1,0,"",""

ball,1,16.4,Mumbai Indians,MG Johnson,KH Pandya,JD Unadkat,1,0,"",""

ball,1,16.5,Mumbai Indians,KH Pandya,MG Johnson,JD Unadkat,0,0,"",""

ball,1,16.6,Mumbai Indians,KH Pandya,MG Johnson,JD Unadkat,2,0,"",""

ball,1,17.1,Mumbai Indians,MG Johnson,KH Pandya,DT Christian,0,0,"",""

ball,1,17.2,Mumbai Indians,MG Johnson,KH Pandya,DT Christian,6,0,"",""

ball,1,17.3,Mumbai Indians,MG Johnson,KH Pandya,DT Christian,1,0,"",""

ball,1,17.4,Mumbai Indians,KH Pandya,MG Johnson,DT Christian,1,0,"",""

ball,1,17.5,Mumbai Indians,MG Johnson,KH Pandya,DT Christian,0,1,"",""

ball,1,17.6,Mumbai Indians,KH Pandya,MG Johnson,DT Christian,4,0,"",""

ball,1,18.1,Mumbai Indians,MG Johnson,KH Pandya,JD Unadkat,1,0,"",""

ball,1,18.2,Mumbai Indians,KH Pandya,MG Johnson,JD Unadkat,0,0,"",""

ball,1,18.3,Mumbai Indians,KH Pandya,MG Johnson,JD Unadkat,1,0,"",""

ball,1,18.4,Mumbai Indians,MG Johnson,KH Pandya,JD Unadkat,1,0,"",""

ball,1,18.5,Mumbai Indians,KH Pandya,MG Johnson,JD Unadkat,6,0,"",""

ball,1,18.6,Mumbai Indians,KH Pandya,MG Johnson,JD Unadkat,1,0,"",""

ball,1,19.1,Mumbai Indians,KH Pandya,MG Johnson,DT Christian,0,1,"",""

ball,1,19.2,Mumbai Indians,KH Pandya,MG Johnson,DT Christian,0,0,"",""

ball,1,19.3,Mumbai Indians,KH Pandya,MG Johnson,DT Christian,4,0,"",""

ball,1,19.4,Mumbai Indians,KH Pandya,MG Johnson,DT Christian,0,1,"",""

ball,1,19.5,Mumbai Indians,KH Pandya,MG Johnson,DT Christian,6,0,"",""

ball,1,19.6,Mumbai Indians,KH Pandya,MG Johnson,DT Christian,1,0,"",""

ball,1,19.7,Mumbai Indians,MG Johnson,KH Pandya,DT Christian,1,0,"",""

ball,1,19.8,Mumbai Indians,KH Pandya,MG Johnson,DT Christian,0,0,caught,KH Pandya

ball,2,0.1,Rising Pune Supergiant,AM Rahane,RA Tripathi,KH Pandya,0,0,"",""

ball,2,0.2,Rising Pune Supergiant,AM Rahane,RA Tripathi,KH Pandya,1,0,"",""

ball,2,0.3,Rising Pune Supergiant,RA Tripathi,AM Rahane,KH Pandya,0,0,"",""

ball,2,0.4,Rising Pune Supergiant,RA Tripathi,AM Rahane,KH Pandya,0,0,"",""

ball,2,0.5,Rising Pune Supergiant,RA Tripathi,AM Rahane,KH Pandya,1,0,"",""

ball,2,0.6,Rising Pune Supergiant,AM Rahane,RA Tripathi,KH Pandya,4,0,"",""

ball,2,1.1,Rising Pune Supergiant,RA Tripathi,AM Rahane,MG Johnson,0,0,"",""

ball,2,1.2,Rising Pune Supergiant,RA Tripathi,AM Rahane,MG Johnson,1,0,"",""

ball,2,1.3,Rising Pune Supergiant,AM Rahane,RA Tripathi,MG Johnson,1,0,"",""

ball,2,1.4,Rising Pune Supergiant,RA Tripathi,AM Rahane,MG Johnson,1,0,"",""

ball,2,1.5,Rising Pune Supergiant,AM Rahane,RA Tripathi,MG Johnson,1,0,"",""

ball,2,1.6,Rising Pune Supergiant,RA Tripathi,AM Rahane,MG Johnson,0,4,"",""

ball,2,2.1,Rising Pune Supergiant,AM Rahane,RA Tripathi,JJ Bumrah,3,0,"",""

ball,2,2.2,Rising Pune Supergiant,RA Tripathi,AM Rahane,JJ Bumrah,0,0,lbw,RA Tripathi

ball,2,2.3,Rising Pune Supergiant,SPD Smith,AM Rahane,JJ Bumrah,1,0,"",""

ball,2,2.4,Rising Pune Supergiant,AM Rahane,SPD Smith,JJ Bumrah,3,0,"",""

ball,2,2.5,Rising Pune Supergiant,SPD Smith,AM Rahane,JJ Bumrah,0,0,"",""

ball,2,2.6,Rising Pune Supergiant,SPD Smith,AM Rahane,JJ Bumrah,0,0,"",""

ball,2,3.1,Rising Pune Supergiant,AM Rahane,SPD Smith,SL Malinga,1,0,"",""

ball,2,3.2,Rising Pune Supergiant,SPD Smith,AM Rahane,SL Malinga,0,0,"",""

ball,2,3.3,Rising Pune Supergiant,SPD Smith,AM Rahane,SL Malinga,1,0,"",""

ball,2,3.4,Rising Pune Supergiant,AM Rahane,SPD Smith,SL Malinga,0,0,"",""

ball,2,3.5,Rising Pune Supergiant,AM Rahane,SPD Smith,SL Malinga,0,0,"",""

ball,2,3.6,Rising Pune Supergiant,AM Rahane,SPD Smith,SL Malinga,0,0,"",""

ball,2,4.1,Rising Pune Supergiant,SPD Smith,AM Rahane,KV Sharma,1,0,"",""

ball,2,4.2,Rising Pune Supergiant,AM Rahane,SPD Smith,KV Sharma,1,0,"",""

ball,2,4.3,Rising Pune Supergiant,SPD Smith,AM Rahane,KV Sharma,0,0,"",""

ball,2,4.4,Rising Pune Supergiant,SPD Smith,AM Rahane,KV Sharma,0,1,"",""

ball,2,4.5,Rising Pune Supergiant,SPD Smith,AM Rahane,KV Sharma,1,0,"",""

ball,2,4.6,Rising Pune Supergiant,AM Rahane,SPD Smith,KV Sharma,4,0,"",""

ball,2,4.7,Rising Pune Supergiant,AM Rahane,SPD Smith,KV Sharma,1,0,"",""

ball,2,5.1,Rising Pune Supergiant,AM Rahane,SPD Smith,SL Malinga,0,0,"",""

ball,2,5.2,Rising Pune Supergiant,AM Rahane,SPD Smith,SL Malinga,1,0,"",""

ball,2,5.3,Rising Pune Supergiant,SPD Smith,AM Rahane,SL Malinga,1,0,"",""

ball,2,5.4,Rising Pune Supergiant,AM Rahane,SPD Smith,SL Malinga,4,0,"",""

ball,2,5.5,Rising Pune Supergiant,AM Rahane,SPD Smith,SL Malinga,0,0,"",""

ball,2,5.6,Rising Pune Supergiant,AM Rahane,SPD Smith,SL Malinga,0,0,"",""

ball,2,6.1,Rising Pune Supergiant,SPD Smith,AM Rahane,KV Sharma,2,0,"",""

ball,2,6.2,Rising Pune Supergiant,SPD Smith,AM Rahane,KV Sharma,0,0,"",""

ball,2,6.3,Rising Pune Supergiant,SPD Smith,AM Rahane,KV Sharma,1,0,"",""

ball,2,6.4,Rising Pune Supergiant,AM Rahane,SPD Smith,KV Sharma,1,0,"",""

ball,2,6.5,Rising Pune Supergiant,SPD Smith,AM Rahane,KV Sharma,0,0,"",""

ball,2,6.6,Rising Pune Supergiant,SPD Smith,AM Rahane,KV Sharma,0,1,"",""

ball,2,6.7,Rising Pune Supergiant,SPD Smith,AM Rahane,KV Sharma,0,0,"",""

ball,2,7.1,Rising Pune Supergiant,AM Rahane,SPD Smith,JJ Bumrah,1,0,"",""

ball,2,7.2,Rising Pune Supergiant,SPD Smith,AM Rahane,JJ Bumrah,1,0,"",""

ball,2,7.3,Rising Pune Supergiant,AM Rahane,SPD Smith,JJ Bumrah,0,0,"",""

ball,2,7.4,Rising Pune Supergiant,AM Rahane,SPD Smith,JJ Bumrah,1,0,"",""

ball,2,7.5,Rising Pune Supergiant,SPD Smith,AM Rahane,JJ Bumrah,1,0,"",""

ball,2,7.6,Rising Pune Supergiant,AM Rahane,SPD Smith,JJ Bumrah,1,0,"",""

ball,2,8.1,Rising Pune Supergiant,AM Rahane,SPD Smith,KV Sharma,1,0,"",""

ball,2,8.2,Rising Pune Supergiant,SPD Smith,AM Rahane,KV Sharma,0,0,"",""

ball,2,8.3,Rising Pune Supergiant,SPD Smith,AM Rahane,KV Sharma,0,0,"",""

ball,2,8.4,Rising Pune Supergiant,SPD Smith,AM Rahane,KV Sharma,1,0,"",""

ball,2,8.5,Rising Pune Supergiant,AM Rahane,SPD Smith,KV Sharma,0,0,"",""

ball,2,8.6,Rising Pune Supergiant,AM Rahane,SPD Smith,KV Sharma,0,0,"",""

ball,2,9.1,Rising Pune Supergiant,SPD Smith,AM Rahane,MG Johnson,1,0,"",""

ball,2,9.2,Rising Pune Supergiant,AM Rahane,SPD Smith,MG Johnson,2,0,"",""

ball,2,9.3,Rising Pune Supergiant,AM Rahane,SPD Smith,MG Johnson,0,0,"",""

ball,2,9.4,Rising Pune Supergiant,AM Rahane,SPD Smith,MG Johnson,4,0,"",""

ball,2,9.5,Rising Pune Supergiant,AM Rahane,SPD Smith,MG Johnson,1,0,"",""

ball,2,9.6,Rising Pune Supergiant,SPD Smith,AM Rahane,MG Johnson,0,0,"",""

ball,2,10.1,Rising Pune Supergiant,AM Rahane,SPD Smith,KH Pandya,0,0,"",""

ball,2,10.2,Rising Pune Supergiant,AM Rahane,SPD Smith,KH Pandya,4,0,"",""

ball,2,10.3,Rising Pune Supergiant,AM Rahane,SPD Smith,KH Pandya,0,0,"",""

ball,2,10.4,Rising Pune Supergiant,AM Rahane,SPD Smith,KH Pandya,1,0,"",""

ball,2,10.5,Rising Pune Supergiant,SPD Smith,AM Rahane,KH Pandya,1,0,"",""

ball,2,10.6,Rising Pune Supergiant,AM Rahane,SPD Smith,KH Pandya,1,0,"",""

ball,2,11.1,Rising Pune Supergiant,AM Rahane,SPD Smith,MG Johnson,1,0,"",""

ball,2,11.2,Rising Pune Supergiant,SPD Smith,AM Rahane,MG Johnson,4,0,"",""

ball,2,11.3,Rising Pune Supergiant,SPD Smith,AM Rahane,MG Johnson,0,0,"",""

ball,2,11.4,Rising Pune Supergiant,SPD Smith,AM Rahane,MG Johnson,1,0,"",""

ball,2,11.5,Rising Pune Supergiant,AM Rahane,SPD Smith,MG Johnson,0,0,caught,AM Rahane

ball,2,11.6,Rising Pune Supergiant,SPD Smith,MS Dhoni,MG Johnson,0,0,"",""

ball,2,12.1,Rising Pune Supergiant,MS Dhoni,SPD Smith,KV Sharma,1,0,"",""

ball,2,12.2,Rising Pune Supergiant,SPD Smith,MS Dhoni,KV Sharma,0,0,"",""

ball,2,12.3,Rising Pune Supergiant,SPD Smith,MS Dhoni,KV Sharma,0,0,"",""

ball,2,12.4,Rising Pune Supergiant,SPD Smith,MS Dhoni,KV Sharma,1,0,"",""

ball,2,12.5,Rising Pune Supergiant,MS Dhoni,SPD Smith,KV Sharma,0,0,"",""

ball,2,12.6,Rising Pune Supergiant,MS Dhoni,SPD Smith,KV Sharma,0,0,"",""

ball,2,13.1,Rising Pune Supergiant,SPD Smith,MS Dhoni,KH Pandya,1,0,"",""

ball,2,13.2,Rising Pune Supergiant,MS Dhoni,SPD Smith,KH Pandya,0,0,"",""

ball,2,13.3,Rising Pune Supergiant,MS Dhoni,SPD Smith,KH Pandya,0,0,"",""

ball,2,13.4,Rising Pune Supergiant,MS Dhoni,SPD Smith,KH Pandya,1,0,"",""

ball,2,13.5,Rising Pune Supergiant,SPD Smith,MS Dhoni,KH Pandya,0,0,"",""

ball,2,13.6,Rising Pune Supergiant,SPD Smith,MS Dhoni,KH Pandya,2,0,"",""

ball,2,14.1,Rising Pune Supergiant,MS Dhoni,SPD Smith,SL Malinga,1,0,"",""

ball,2,14.2,Rising Pune Supergiant,SPD Smith,MS Dhoni,SL Malinga,1,0,"",""

ball,2,14.3,Rising Pune Supergiant,MS Dhoni,SPD Smith,SL Malinga,0,0,"",""

ball,2,14.4,Rising Pune Supergiant,MS Dhoni,SPD Smith,SL Malinga,1,0,"",""

ball,2,14.5,Rising Pune Supergiant,SPD Smith,MS Dhoni,SL Malinga,0,0,"",""

ball,2,14.6,Rising Pune Supergiant,SPD Smith,MS Dhoni,SL Malinga,0,1,"",""

ball,2,14.7,Rising Pune Supergiant,SPD Smith,MS Dhoni,SL Malinga,2,0,"",""

ball,2,15.1,Rising Pune Supergiant,MS Dhoni,SPD Smith,KH Pandya,1,0,"",""

ball,2,15.2,Rising Pune Supergiant,SPD Smith,MS Dhoni,KH Pandya,1,0,"",""

ball,2,15.3,Rising Pune Supergiant,MS Dhoni,SPD Smith,KH Pandya,4,0,"",""

ball,2,15.4,Rising Pune Supergiant,MS Dhoni,SPD Smith,KH Pandya,1,0,"",""

ball,2,15.5,Rising Pune Supergiant,SPD Smith,MS Dhoni,KH Pandya,6,0,"",""

ball,2,15.6,Rising Pune Supergiant,SPD Smith,MS Dhoni,KH Pandya,1,0,"",""

ball,2,16.1,Rising Pune Supergiant,SPD Smith,MS Dhoni,JJ Bumrah,1,0,"",""

ball,2,16.2,Rising Pune Supergiant,MS Dhoni,SPD Smith,JJ Bumrah,0,0,caught,MS Dhoni

ball,2,16.3,Rising Pune Supergiant,MK Tiwary,SPD Smith,JJ Bumrah,1,0,"",""

ball,2,16.4,Rising Pune Supergiant,SPD Smith,MK Tiwary,JJ Bumrah,1,0,"",""

ball,2,16.5,Rising Pune Supergiant,MK Tiwary,SPD Smith,JJ Bumrah,0,0,"",""

ball,2,16.6,Rising Pune Supergiant,MK Tiwary,SPD Smith,JJ Bumrah,0,0,"",""

ball,2,17.1,Rising Pune Supergiant,SPD Smith,MK Tiwary,SL Malinga,0,0,"",""

ball,2,17.2,Rising Pune Supergiant,SPD Smith,MK Tiwary,SL Malinga,1,0,"",""

ball,2,17.3,Rising Pune Supergiant,MK Tiwary,SPD Smith,SL Malinga,1,0,"",""

ball,2,17.4,Rising Pune Supergiant,SPD Smith,MK Tiwary,SL Malinga,0,0,"",""

ball,2,17.5,Rising Pune Supergiant,SPD Smith,MK Tiwary,SL Malinga,4,0,"",""

ball,2,17.6,Rising Pune Supergiant,SPD Smith,MK Tiwary,SL Malinga,1,0,"",""

ball,2,18.1,Rising Pune Supergiant,SPD Smith,MK Tiwary,JJ Bumrah,1,0,"",""

ball,2,18.2,Rising Pune Supergiant,MK Tiwary,SPD Smith,JJ Bumrah,1,0,"",""

ball,2,18.3,Rising Pune Supergiant,SPD Smith,MK Tiwary,JJ Bumrah,1,0,"",""

ball,2,18.4,Rising Pune Supergiant,MK Tiwary,SPD Smith,JJ Bumrah,0,1,"",""

ball,2,18.5,Rising Pune Supergiant,SPD Smith,MK Tiwary,JJ Bumrah,6,0,"",""

ball,2,18.6,Rising Pune Supergiant,SPD Smith,MK Tiwary,JJ Bumrah,2,0,"",""

ball,2,19.1,Rising Pune Supergiant,MK Tiwary,SPD Smith,MG Johnson,4,0,"",""

ball,2,19.2,Rising Pune Supergiant,MK Tiwary,SPD Smith,MG Johnson,0,0,caught,MK Tiwary

ball,2,19.3,Rising Pune Supergiant,SPD Smith,DT Christian,MG Johnson,0,0,caught,SPD Smith

ball,2,19.4,Rising Pune Supergiant,Washington Sundar,DT Christian,MG Johnson,0,1,"",""

ball,2,19.5,Rising Pune Supergiant,DT Christian,Washington Sundar,MG Johnson,2,0,"",""

ball,2,19.6,Rising Pune Supergiant,DT Christian,Washington Sundar,MG Johnson,2,0,run out,Washington Sundar
