ball,1,0.1,Mumbai Indians,MEK Hussey,AP Tare,IC Pandey,0,0,"",""

ball,1,0.2,Mumbai Indians,MEK Hussey,AP Tare,IC Pandey,1,0,"",""

ball,1,0.3,Mumbai Indians,AP Tare,MEK Hussey,IC Pandey,1,0,"",""

ball,1,0.4,Mumbai Indians,MEK Hussey,AP Tare,IC Pandey,0,0,"",""

ball,1,0.5,Mumbai Indians,MEK Hussey,AP Tare,IC Pandey,0,0,"",""

ball,1,0.6,Mumbai Indians,MEK Hussey,AP Tare,IC Pandey,0,0,"",""

ball,1,1.1,Mumbai Indians,AP Tare,MEK Hussey,BW Hilfenhaus,4,0,"",""

ball,1,1.2,Mumbai Indians,AP Tare,MEK Hussey,BW Hilfenhaus,0,0,"",""

ball,1,1.3,Mumbai Indians,AP Tare,MEK Hussey,BW Hilfenhaus,4,0,"",""

ball,1,1.4,Mumbai Indians,AP Tare,MEK Hussey,BW Hilfenhaus,1,0,"",""

ball,1,1.5,Mumbai Indians,MEK Hussey,AP Tare,BW Hilfenhaus,0,0,"",""

ball,1,1.6,Mumbai Indians,MEK Hussey,AP Tare,BW Hilfenhaus,0,0,bowled,MEK Hussey

ball,1,2.1,Mumbai Indians,AP Tare,CJ Anderson,IC Pandey,0,0,"",""

ball,1,2.2,Mumbai Indians,AP Tare,CJ Anderson,IC Pandey,4,0,"",""

ball,1,2.3,Mumbai Indians,AP Tare,CJ Anderson,IC Pandey,4,0,"",""

ball,1,2.4,Mumbai Indians,AP Tare,CJ Anderson,IC Pandey,0,0,"",""

ball,1,2.5,Mumbai Indians,AP Tare,CJ Anderson,IC Pandey,1,0,"",""

ball,1,2.6,Mumbai Indians,CJ Anderson,AP Tare,IC Pandey,0,0,"",""

ball,1,3.1,Mumbai Indians,AP Tare,CJ Anderson,R Ashwin,0,0,"",""

ball,1,3.2,Mumbai Indians,AP Tare,CJ Anderson,R Ashwin,1,0,"",""

ball,1,3.3,Mumbai Indians,CJ Anderson,AP Tare,R Ashwin,1,0,"",""

ball,1,3.4,Mumbai Indians,AP Tare,CJ Anderson,R Ashwin,2,0,"",""

ball,1,3.5,Mumbai Indians,AP Tare,CJ Anderson,R Ashwin,0,0,"",""

ball,1,3.6,Mumbai Indians,AP Tare,CJ Anderson,R Ashwin,1,0,"",""

ball,1,4.1,Mumbai Indians,AP Tare,CJ Anderson,MM Sharma,0,0,"",""

ball,1,4.2,Mumbai Indians,AP Tare,CJ Anderson,MM Sharma,0,0,"",""

ball,1,4.3,Mumbai Indians,AP Tare,CJ Anderson,MM Sharma,0,0,"",""

ball,1,4.4,Mumbai Indians,AP Tare,CJ Anderson,MM Sharma,0,0,caught,AP Tare

ball,1,4.5,Mumbai Indians,RG Sharma,CJ Anderson,MM Sharma,0,0,"",""

ball,1,4.6,Mumbai Indians,RG Sharma,CJ Anderson,MM Sharma,1,0,"",""

ball,1,5.1,Mumbai Indians,RG Sharma,CJ Anderson,R Ashwin,0,0,"",""

ball,1,5.2,Mumbai Indians,RG Sharma,CJ Anderson,R Ashwin,1,0,"",""

ball,1,5.3,Mumbai Indians,CJ Anderson,RG Sharma,R Ashwin,4,0,"",""

ball,1,5.4,Mumbai Indians,CJ Anderson,RG Sharma,R Ashwin,0,0,"",""

ball,1,5.5,Mumbai Indians,CJ Anderson,RG Sharma,R Ashwin,0,0,"",""

ball,1,5.6,Mumbai Indians,CJ Anderson,RG Sharma,R Ashwin,0,0,"",""

ball,1,6.1,Mumbai Indians,RG Sharma,CJ Anderson,MM Sharma,0,0,"",""

ball,1,6.2,Mumbai Indians,RG Sharma,CJ Anderson,MM Sharma,0,0,"",""

ball,1,6.3,Mumbai Indians,RG Sharma,CJ Anderson,MM Sharma,0,0,"",""

ball,1,6.4,Mumbai Indians,RG Sharma,CJ Anderson,MM Sharma,0,0,"",""

ball,1,6.5,Mumbai Indians,RG Sharma,CJ Anderson,MM Sharma,2,0,"",""

ball,1,6.6,Mumbai Indians,RG Sharma,CJ Anderson,MM Sharma,4,0,"",""

ball,1,7.1,Mumbai Indians,CJ Anderson,RG Sharma,SK Raina,0,0,"",""

ball,1,7.2,Mumbai Indians,CJ Anderson,RG Sharma,SK Raina,1,0,"",""

ball,1,7.3,Mumbai Indians,RG Sharma,CJ Anderson,SK Raina,1,0,"",""

ball,1,7.4,Mumbai Indians,CJ Anderson,RG Sharma,SK Raina,0,0,"",""

ball,1,7.5,Mumbai Indians,CJ Anderson,RG Sharma,SK Raina,4,0,"",""

ball,1,7.6,Mumbai Indians,CJ Anderson,RG Sharma,SK Raina,1,0,"",""

ball,1,8.1,Mumbai Indians,CJ Anderson,RG Sharma,IC Pandey,0,0,"",""

ball,1,8.2,Mumbai Indians,CJ Anderson,RG Sharma,IC Pandey,1,0,"",""

ball,1,8.3,Mumbai Indians,RG Sharma,CJ Anderson,IC Pandey,1,0,"",""

ball,1,8.4,Mumbai Indians,CJ Anderson,RG Sharma,IC Pandey,0,0,"",""

ball,1,8.5,Mumbai Indians,CJ Anderson,RG Sharma,IC Pandey,1,0,"",""

ball,1,8.6,Mumbai Indians,RG Sharma,CJ Anderson,IC Pandey,0,0,"",""

ball,1,9.1,Mumbai Indians,CJ Anderson,RG Sharma,SK Raina,1,0,"",""

ball,1,9.2,Mumbai Indians,RG Sharma,CJ Anderson,SK Raina,0,0,"",""

ball,1,9.3,Mumbai Indians,RG Sharma,CJ Anderson,SK Raina,1,0,"",""

ball,1,9.4,Mumbai Indians,CJ Anderson,RG Sharma,SK Raina,1,0,"",""

ball,1,9.5,Mumbai Indians,RG Sharma,CJ Anderson,SK Raina,1,0,"",""

ball,1,9.6,Mumbai Indians,CJ Anderson,RG Sharma,SK Raina,6,0,"",""

ball,1,10.1,Mumbai Indians,RG Sharma,CJ Anderson,BW Hilfenhaus,6,0,"",""

ball,1,10.2,Mumbai Indians,RG Sharma,CJ Anderson,BW Hilfenhaus,1,0,"",""

ball,1,10.3,Mumbai Indians,CJ Anderson,RG Sharma,BW Hilfenhaus,1,0,"",""

ball,1,10.4,Mumbai Indians,RG Sharma,CJ Anderson,BW Hilfenhaus,1,0,"",""

ball,1,10.5,Mumbai Indians,CJ Anderson,RG Sharma,BW Hilfenhaus,2,0,"",""

ball,1,10.6,Mumbai Indians,CJ Anderson,RG Sharma,BW Hilfenhaus,1,0,"",""

ball,1,11.1,Mumbai Indians,CJ Anderson,RG Sharma,R Ashwin,1,0,"",""

ball,1,11.2,Mumbai Indians,RG Sharma,CJ Anderson,R Ashwin,0,0,"",""

ball,1,11.3,Mumbai Indians,RG Sharma,CJ Anderson,R Ashwin,1,0,"",""

ball,1,11.4,Mumbai Indians,CJ Anderson,RG Sharma,R Ashwin,1,0,"",""

ball,1,11.5,Mumbai Indians,RG Sharma,CJ Anderson,R Ashwin,0,0,"",""

ball,1,11.6,Mumbai Indians,RG Sharma,CJ Anderson,R Ashwin,1,0,"",""

ball,1,12.1,Mumbai Indians,RG Sharma,CJ Anderson,SK Raina,1,0,"",""

ball,1,12.2,Mumbai Indians,CJ Anderson,RG Sharma,SK Raina,1,0,"",""

ball,1,12.3,Mumbai Indians,RG Sharma,CJ Anderson,SK Raina,4,0,"",""

ball,1,12.4,Mumbai Indians,RG Sharma,CJ Anderson,SK Raina,6,0,"",""

ball,1,12.5,Mumbai Indians,RG Sharma,CJ Anderson,SK Raina,1,0,"",""

ball,1,12.6,Mumbai Indians,CJ Anderson,RG Sharma,SK Raina,2,0,"",""

ball,1,13.1,Mumbai Indians,RG Sharma,CJ Anderson,R Ashwin,2,0,"",""

ball,1,13.2,Mumbai Indians,RG Sharma,CJ Anderson,R Ashwin,0,0,"",""

ball,1,13.3,Mumbai Indians,RG Sharma,CJ Anderson,R Ashwin,1,0,"",""

ball,1,13.4,Mumbai Indians,CJ Anderson,RG Sharma,R Ashwin,1,0,"",""

ball,1,13.5,Mumbai Indians,RG Sharma,CJ Anderson,R Ashwin,1,0,"",""

ball,1,13.6,Mumbai Indians,CJ Anderson,RG Sharma,R Ashwin,1,0,"",""

ball,1,14.1,Mumbai Indians,CJ Anderson,RG Sharma,RA Jadeja,2,0,"",""

ball,1,14.2,Mumbai Indians,CJ Anderson,RG Sharma,RA Jadeja,4,0,"",""

ball,1,14.3,Mumbai Indians,CJ Anderson,RG Sharma,RA Jadeja,1,0,"",""

ball,1,14.4,Mumbai Indians,RG Sharma,CJ Anderson,RA Jadeja,2,0,"",""

ball,1,14.5,Mumbai Indians,RG Sharma,CJ Anderson,RA Jadeja,4,0,"",""

ball,1,14.6,Mumbai Indians,RG Sharma,CJ Anderson,RA Jadeja,1,0,"",""

ball,1,15.1,Mumbai Indians,RG Sharma,CJ Anderson,MM Sharma,1,0,"",""

ball,1,15.2,Mumbai Indians,CJ Anderson,RG Sharma,MM Sharma,0,0,run out,CJ Anderson

ball,1,15.3,Mumbai Indians,RG Sharma,KA Pollard,MM Sharma,1,0,"",""

ball,1,15.4,Mumbai Indians,KA Pollard,RG Sharma,MM Sharma,1,0,"",""

ball,1,15.5,Mumbai Indians,RG Sharma,KA Pollard,MM Sharma,1,0,"",""

ball,1,15.6,Mumbai Indians,KA Pollard,RG Sharma,MM Sharma,1,0,"",""

ball,1,16.1,Mumbai Indians,KA Pollard,RG Sharma,IC Pandey,0,0,"",""

ball,1,16.2,Mumbai Indians,KA Pollard,RG Sharma,IC Pandey,1,0,"",""

ball,1,16.3,Mumbai Indians,RG Sharma,KA Pollard,IC Pandey,1,0,"",""

ball,1,16.4,Mumbai Indians,KA Pollard,RG Sharma,IC Pandey,4,0,"",""

ball,1,16.5,Mumbai Indians,KA Pollard,RG Sharma,IC Pandey,1,0,"",""

ball,1,16.6,Mumbai Indians,RG Sharma,KA Pollard,IC Pandey,0,0,"",""

ball,1,17.1,Mumbai Indians,KA Pollard,RG Sharma,BW Hilfenhaus,1,0,"",""

ball,1,17.2,Mumbai Indians,RG Sharma,KA Pollard,BW Hilfenhaus,1,0,"",""

ball,1,17.3,Mumbai Indians,KA Pollard,RG Sharma,BW Hilfenhaus,1,0,"",""

ball,1,17.4,Mumbai Indians,RG Sharma,KA Pollard,BW Hilfenhaus,0,0,caught,RG Sharma

ball,1,17.5,Mumbai Indians,KA Pollard,AT Rayudu,BW Hilfenhaus,1,0,"",""

ball,1,17.6,Mumbai Indians,AT Rayudu,KA Pollard,BW Hilfenhaus,1,0,"",""

ball,1,18.1,Mumbai Indians,AT Rayudu,KA Pollard,MM Sharma,0,0,caught,AT Rayudu

ball,1,18.2,Mumbai Indians,KA Pollard,CM Gautam,MM Sharma,1,0,"",""

ball,1,18.3,Mumbai Indians,CM Gautam,KA Pollard,MM Sharma,1,0,"",""

ball,1,18.4,Mumbai Indians,KA Pollard,CM Gautam,MM Sharma,0,0,bowled,KA Pollard

ball,1,18.5,Mumbai Indians,Harbhajan Singh,CM Gautam,MM Sharma,0,0,"",""

ball,1,18.6,Mumbai Indians,Harbhajan Singh,CM Gautam,MM Sharma,0,0,caught,Harbhajan Singh

ball,1,19.1,Mumbai Indians,CM Gautam,Z Khan,BW Hilfenhaus,4,0,"",""

ball,1,19.2,Mumbai Indians,CM Gautam,Z Khan,BW Hilfenhaus,1,0,"",""

ball,1,19.3,Mumbai Indians,Z Khan,CM Gautam,BW Hilfenhaus,1,0,"",""

ball,1,19.4,Mumbai Indians,CM Gautam,Z Khan,BW Hilfenhaus,1,0,"",""

ball,1,19.5,Mumbai Indians,Z Khan,CM Gautam,BW Hilfenhaus,6,0,"",""

ball,1,19.6,Mumbai Indians,Z Khan,CM Gautam,BW Hilfenhaus,0,1,"",""

ball,2,0.1,Chennai Super Kings,DR Smith,BB McCullum,PP Ojha,0,0,"",""

ball,2,0.2,Chennai Super Kings,DR Smith,BB McCullum,PP Ojha,0,0,"",""

ball,2,0.3,Chennai Super Kings,DR Smith,BB McCullum,PP Ojha,0,0,"",""

ball,2,0.4,Chennai Super Kings,DR Smith,BB McCullum,PP Ojha,0,0,"",""

ball,2,0.5,Chennai Super Kings,DR Smith,BB McCullum,PP Ojha,0,0,"",""

ball,2,0.6,Chennai Super Kings,DR Smith,BB McCullum,PP Ojha,0,0,"",""

ball,2,1.1,Chennai Super Kings,BB McCullum,DR Smith,Z Khan,0,0,"",""

ball,2,1.2,Chennai Super Kings,BB McCullum,DR Smith,Z Khan,1,0,"",""

ball,2,1.3,Chennai Super Kings,DR Smith,BB McCullum,Z Khan,0,0,"",""

ball,2,1.4,Chennai Super Kings,DR Smith,BB McCullum,Z Khan,0,0,"",""

ball,2,1.5,Chennai Super Kings,DR Smith,BB McCullum,Z Khan,0,0,"",""

ball,2,1.6,Chennai Super Kings,DR Smith,BB McCullum,Z Khan,1,0,"",""

ball,2,2.1,Chennai Super Kings,DR Smith,BB McCullum,PP Ojha,6,0,"",""

ball,2,2.2,Chennai Super Kings,DR Smith,BB McCullum,PP Ojha,0,0,"",""

ball,2,2.3,Chennai Super Kings,DR Smith,BB McCullum,PP Ojha,0,0,"",""

ball,2,2.4,Chennai Super Kings,DR Smith,BB McCullum,PP Ojha,6,0,"",""

ball,2,2.5,Chennai Super Kings,DR Smith,BB McCullum,PP Ojha,0,0,"",""

ball,2,2.6,Chennai Super Kings,DR Smith,BB McCullum,PP Ojha,1,0,"",""

ball,2,3.1,Chennai Super Kings,DR Smith,BB McCullum,Z Khan,6,0,"",""

ball,2,3.2,Chennai Super Kings,DR Smith,BB McCullum,Z Khan,1,0,"",""

ball,2,3.3,Chennai Super Kings,BB McCullum,DR Smith,Z Khan,0,0,"",""

ball,2,3.4,Chennai Super Kings,BB McCullum,DR Smith,Z Khan,2,0,"",""

ball,2,3.5,Chennai Super Kings,BB McCullum,DR Smith,Z Khan,4,0,"",""

ball,2,3.6,Chennai Super Kings,BB McCullum,DR Smith,Z Khan,4,0,"",""

ball,2,4.1,Chennai Super Kings,DR Smith,BB McCullum,SL Malinga,1,0,"",""

ball,2,4.2,Chennai Super Kings,BB McCullum,DR Smith,SL Malinga,0,1,"",""

ball,2,4.3,Chennai Super Kings,BB McCullum,DR Smith,SL Malinga,0,1,"",""

ball,2,4.4,Chennai Super Kings,DR Smith,BB McCullum,SL Malinga,1,0,"",""

ball,2,4.5,Chennai Super Kings,BB McCullum,DR Smith,SL Malinga,0,0,"",""

ball,2,4.6,Chennai Super Kings,BB McCullum,DR Smith,SL Malinga,0,0,"",""

ball,2,4.7,Chennai Super Kings,BB McCullum,DR Smith,SL Malinga,1,0,"",""

ball,2,5.1,Chennai Super Kings,BB McCullum,DR Smith,CJ Anderson,4,0,"",""

ball,2,5.2,Chennai Super Kings,BB McCullum,DR Smith,CJ Anderson,0,0,"",""

ball,2,5.3,Chennai Super Kings,BB McCullum,DR Smith,CJ Anderson,0,0,"",""

ball,2,5.4,Chennai Super Kings,BB McCullum,DR Smith,CJ Anderson,4,0,"",""

ball,2,5.5,Chennai Super Kings,BB McCullum,DR Smith,CJ Anderson,2,0,"",""

ball,2,5.6,Chennai Super Kings,BB McCullum,DR Smith,CJ Anderson,4,0,"",""

ball,2,6.1,Chennai Super Kings,DR Smith,BB McCullum,PP Ojha,6,0,"",""

ball,2,6.2,Chennai Super Kings,DR Smith,BB McCullum,PP Ojha,0,0,caught,DR Smith

ball,2,6.3,Chennai Super Kings,BB McCullum,SK Raina,PP Ojha,1,0,"",""

ball,2,6.4,Chennai Super Kings,SK Raina,BB McCullum,PP Ojha,1,0,"",""

ball,2,6.5,Chennai Super Kings,BB McCullum,SK Raina,PP Ojha,1,0,"",""

ball,2,6.6,Chennai Super Kings,SK Raina,BB McCullum,PP Ojha,0,0,"",""

ball,2,7.1,Chennai Super Kings,BB McCullum,SK Raina,Harbhajan Singh,0,0,"",""

ball,2,7.2,Chennai Super Kings,BB McCullum,SK Raina,Harbhajan Singh,1,0,"",""

ball,2,7.3,Chennai Super Kings,SK Raina,BB McCullum,Harbhajan Singh,0,0,"",""

ball,2,7.4,Chennai Super Kings,SK Raina,BB McCullum,Harbhajan Singh,0,0,stumped,SK Raina

ball,2,7.5,Chennai Super Kings,F du Plessis,BB McCullum,Harbhajan Singh,0,0,"",""

ball,2,7.6,Chennai Super Kings,F du Plessis,BB McCullum,Harbhajan Singh,1,0,"",""

ball,2,8.1,Chennai Super Kings,F du Plessis,BB McCullum,PP Ojha,0,0,"",""

ball,2,8.2,Chennai Super Kings,F du Plessis,BB McCullum,PP Ojha,0,0,"",""

ball,2,8.3,Chennai Super Kings,F du Plessis,BB McCullum,PP Ojha,1,0,"",""

ball,2,8.4,Chennai Super Kings,BB McCullum,F du Plessis,PP Ojha,0,0,"",""

ball,2,8.5,Chennai Super Kings,BB McCullum,F du Plessis,PP Ojha,1,0,"",""

ball,2,8.6,Chennai Super Kings,F du Plessis,BB McCullum,PP Ojha,1,0,"",""

ball,2,9.1,Chennai Super Kings,F du Plessis,BB McCullum,Harbhajan Singh,0,1,"",""

ball,2,9.2,Chennai Super Kings,F du Plessis,BB McCullum,Harbhajan Singh,2,0,"",""

ball,2,9.3,Chennai Super Kings,F du Plessis,BB McCullum,Harbhajan Singh,1,0,"",""

ball,2,9.4,Chennai Super Kings,BB McCullum,F du Plessis,Harbhajan Singh,6,0,"",""

ball,2,9.5,Chennai Super Kings,BB McCullum,F du Plessis,Harbhajan Singh,0,0,"",""

ball,2,9.6,Chennai Super Kings,BB McCullum,F du Plessis,Harbhajan Singh,0,0,"",""

ball,2,9.7,Chennai Super Kings,BB McCullum,F du Plessis,Harbhajan Singh,1,0,"",""

ball,2,10.1,Chennai Super Kings,BB McCullum,F du Plessis,SL Malinga,0,0,"",""

ball,2,10.2,Chennai Super Kings,BB McCullum,F du Plessis,SL Malinga,0,0,"",""

ball,2,10.3,Chennai Super Kings,BB McCullum,F du Plessis,SL Malinga,0,0,"",""

ball,2,10.4,Chennai Super Kings,BB McCullum,F du Plessis,SL Malinga,0,0,"",""

ball,2,10.5,Chennai Super Kings,BB McCullum,F du Plessis,SL Malinga,1,0,"",""

ball,2,10.6,Chennai Super Kings,F du Plessis,BB McCullum,SL Malinga,1,0,"",""

ball,2,11.1,Chennai Super Kings,F du Plessis,BB McCullum,Harbhajan Singh,0,0,"",""

ball,2,11.2,Chennai Super Kings,F du Plessis,BB McCullum,Harbhajan Singh,0,0,"",""

ball,2,11.3,Chennai Super Kings,F du Plessis,BB McCullum,Harbhajan Singh,0,0,"",""

ball,2,11.4,Chennai Super Kings,F du Plessis,BB McCullum,Harbhajan Singh,1,0,"",""

ball,2,11.5,Chennai Super Kings,BB McCullum,F du Plessis,Harbhajan Singh,4,0,"",""

ball,2,11.6,Chennai Super Kings,BB McCullum,F du Plessis,Harbhajan Singh,2,0,"",""

ball,2,12.1,Chennai Super Kings,F du Plessis,BB McCullum,KA Pollard,1,0,"",""

ball,2,12.2,Chennai Super Kings,BB McCullum,F du Plessis,KA Pollard,4,0,"",""

ball,2,12.3,Chennai Super Kings,BB McCullum,F du Plessis,KA Pollard,1,0,"",""

ball,2,12.4,Chennai Super Kings,F du Plessis,BB McCullum,KA Pollard,1,0,"",""

ball,2,12.5,Chennai Super Kings,BB McCullum,F du Plessis,KA Pollard,1,0,"",""

ball,2,12.6,Chennai Super Kings,F du Plessis,BB McCullum,KA Pollard,2,0,"",""

ball,2,13.1,Chennai Super Kings,BB McCullum,F du Plessis,Z Khan,0,0,"",""

ball,2,13.2,Chennai Super Kings,BB McCullum,F du Plessis,Z Khan,6,0,"",""

ball,2,13.3,Chennai Super Kings,BB McCullum,F du Plessis,Z Khan,0,0,"",""

ball,2,13.4,Chennai Super Kings,BB McCullum,F du Plessis,Z Khan,1,0,"",""

ball,2,13.5,Chennai Super Kings,F du Plessis,BB McCullum,Z Khan,0,0,"",""

ball,2,13.6,Chennai Super Kings,F du Plessis,BB McCullum,Z Khan,2,0,"",""

ball,2,14.1,Chennai Super Kings,BB McCullum,F du Plessis,SL Malinga,1,0,"",""

ball,2,14.2,Chennai Super Kings,F du Plessis,BB McCullum,SL Malinga,0,0,"",""

ball,2,14.3,Chennai Super Kings,F du Plessis,BB McCullum,SL Malinga,0,0,"",""

ball,2,14.4,Chennai Super Kings,F du Plessis,BB McCullum,SL Malinga,1,0,"",""

ball,2,14.5,Chennai Super Kings,BB McCullum,F du Plessis,SL Malinga,0,0,"",""

ball,2,14.6,Chennai Super Kings,BB McCullum,F du Plessis,SL Malinga,1,0,"",""

ball,2,15.1,Chennai Super Kings,BB McCullum,F du Plessis,Harbhajan Singh,1,0,"",""

ball,2,15.2,Chennai Super Kings,F du Plessis,BB McCullum,Harbhajan Singh,2,0,"",""

ball,2,15.3,Chennai Super Kings,F du Plessis,BB McCullum,Harbhajan Singh,2,0,"",""

ball,2,15.4,Chennai Super Kings,F du Plessis,BB McCullum,Harbhajan Singh,1,0,"",""

ball,2,15.5,Chennai Super Kings,BB McCullum,F du Plessis,Harbhajan Singh,1,0,"",""

ball,2,15.6,Chennai Super Kings,F du Plessis,BB McCullum,Harbhajan Singh,0,0,stumped,F du Plessis

ball,2,16.1,Chennai Super Kings,BB McCullum,MS Dhoni,Z Khan,1,0,"",""

ball,2,16.2,Chennai Super Kings,MS Dhoni,BB McCullum,Z Khan,0,0,"",""

ball,2,16.3,Chennai Super Kings,MS Dhoni,BB McCullum,Z Khan,0,2,"",""

ball,2,16.4,Chennai Super Kings,MS Dhoni,BB McCullum,Z Khan,0,1,"",""

ball,2,16.5,Chennai Super Kings,BB McCullum,MS Dhoni,Z Khan,1,0,"",""

ball,2,16.6,Chennai Super Kings,MS Dhoni,BB McCullum,Z Khan,1,0,"",""

ball,2,17.1,Chennai Super Kings,MS Dhoni,BB McCullum,SL Malinga,0,0,"",""

ball,2,17.2,Chennai Super Kings,MS Dhoni,BB McCullum,SL Malinga,0,1,"",""

ball,2,17.3,Chennai Super Kings,MS Dhoni,BB McCullum,SL Malinga,6,0,"",""

ball,2,17.4,Chennai Super Kings,MS Dhoni,BB McCullum,SL Malinga,1,0,"",""

ball,2,17.5,Chennai Super Kings,BB McCullum,MS Dhoni,SL Malinga,4,0,"",""

ball,2,17.6,Chennai Super Kings,BB McCullum,MS Dhoni,SL Malinga,0,0,"",""

ball,2,17.7,Chennai Super Kings,BB McCullum,MS Dhoni,SL Malinga,1,0,"",""

ball,2,18.1,Chennai Super Kings,BB McCullum,MS Dhoni,CJ Anderson,1,0,"",""

ball,2,18.2,Chennai Super Kings,MS Dhoni,BB McCullum,CJ Anderson,4,0,"",""

ball,2,18.3,Chennai Super Kings,MS Dhoni,BB McCullum,CJ Anderson,1,0,"",""

ball,2,18.4,Chennai Super Kings,BB McCullum,MS Dhoni,CJ Anderson,1,0,"",""

ball,2,18.5,Chennai Super Kings,MS Dhoni,BB McCullum,CJ Anderson,1,0,"",""

ball,2,18.6,Chennai Super Kings,BB McCullum,MS Dhoni,CJ Anderson,1,0,"",""
