ball,1,0.1,Gujarat Lions,DR Smith,BB McCullum,S Nadeem,0,0,"",""

ball,1,0.2,Gujarat Lions,DR Smith,BB McCullum,S Nadeem,0,0,"",""

ball,1,0.3,Gujarat Lions,DR Smith,BB McCullum,S Nadeem,4,0,"",""

ball,1,0.4,Gujarat Lions,DR Smith,BB McCullum,S Nadeem,0,0,"",""

ball,1,0.5,Gujarat Lions,DR Smith,BB McCullum,S Nadeem,1,0,"",""

ball,1,0.6,Gujarat Lions,BB McCullum,DR Smith,S Nadeem,0,0,"",""

ball,1,1.1,Gujarat Lions,DR Smith,BB McCullum,CH Morris,4,0,"",""

ball,1,1.2,Gujarat Lions,DR Smith,BB McCullum,CH Morris,0,0,"",""

ball,1,1.3,Gujarat Lions,DR Smith,BB McCullum,CH Morris,0,0,"",""

ball,1,1.4,Gujarat Lions,DR Smith,BB McCullum,CH Morris,4,0,"",""

ball,1,1.5,Gujarat Lions,DR Smith,BB McCullum,CH Morris,0,1,"",""

ball,1,1.6,Gujarat Lions,BB McCullum,DR Smith,CH Morris,0,0,"",""

ball,1,2.1,Gujarat Lions,DR Smith,BB McCullum,Z Khan,1,0,"",""

ball,1,2.2,Gujarat Lions,BB McCullum,DR Smith,Z Khan,1,0,"",""

ball,1,2.3,Gujarat Lions,DR Smith,BB McCullum,Z Khan,0,0,"",""

ball,1,2.4,Gujarat Lions,DR Smith,BB McCullum,Z Khan,1,0,"",""

ball,1,2.5,Gujarat Lions,BB McCullum,DR Smith,Z Khan,0,0,bowled,BB McCullum

ball,1,2.6,Gujarat Lions,AJ Finch,DR Smith,Z Khan,0,0,"",""

ball,1,3.1,Gujarat Lions,DR Smith,AJ Finch,S Nadeem,0,0,caught,DR Smith

ball,1,3.2,Gujarat Lions,AJ Finch,SK Raina,S Nadeem,0,1,"",""

ball,1,3.3,Gujarat Lions,AJ Finch,SK Raina,S Nadeem,1,0,"",""

ball,1,3.4,Gujarat Lions,SK Raina,AJ Finch,S Nadeem,1,0,"",""

ball,1,3.5,Gujarat Lions,AJ Finch,SK Raina,S Nadeem,0,0,"",""

ball,1,3.6,Gujarat Lions,AJ Finch,SK Raina,S Nadeem,4,0,"",""

ball,1,3.7,Gujarat Lions,AJ Finch,SK Raina,S Nadeem,0,0,caught,AJ Finch

ball,1,4.1,Gujarat Lions,SK Raina,KD Karthik,CH Morris,2,0,"",""

ball,1,4.2,Gujarat Lions,SK Raina,KD Karthik,CH Morris,0,0,"",""

ball,1,4.3,Gujarat Lions,SK Raina,KD Karthik,CH Morris,1,0,"",""

ball,1,4.4,Gujarat Lions,KD Karthik,SK Raina,CH Morris,0,0,"",""

ball,1,4.5,Gujarat Lions,KD Karthik,SK Raina,CH Morris,0,0,"",""

ball,1,4.6,Gujarat Lions,KD Karthik,SK Raina,CH Morris,0,0,"",""

ball,1,5.1,Gujarat Lions,SK Raina,KD Karthik,Mohammed Shami,0,0,"",""

ball,1,5.2,Gujarat Lions,SK Raina,KD Karthik,Mohammed Shami,6,0,"",""

ball,1,5.3,Gujarat Lions,SK Raina,KD Karthik,Mohammed Shami,0,1,"",""

ball,1,5.4,Gujarat Lions,KD Karthik,SK Raina,Mohammed Shami,0,0,"",""

ball,1,5.5,Gujarat Lions,KD Karthik,SK Raina,Mohammed Shami,0,0,"",""

ball,1,5.6,Gujarat Lions,KD Karthik,SK Raina,Mohammed Shami,1,0,"",""

ball,1,6.1,Gujarat Lions,KD Karthik,SK Raina,A Mishra,1,0,"",""

ball,1,6.2,Gujarat Lions,SK Raina,KD Karthik,A Mishra,1,0,"",""

ball,1,6.3,Gujarat Lions,KD Karthik,SK Raina,A Mishra,0,0,"",""

ball,1,6.4,Gujarat Lions,KD Karthik,SK Raina,A Mishra,0,0,"",""

ball,1,6.5,Gujarat Lions,KD Karthik,SK Raina,A Mishra,1,0,"",""

ball,1,6.6,Gujarat Lions,SK Raina,KD Karthik,A Mishra,1,0,"",""

ball,1,7.1,Gujarat Lions,SK Raina,KD Karthik,CH Morris,0,1,"",""

ball,1,7.2,Gujarat Lions,SK Raina,KD Karthik,CH Morris,1,0,"",""

ball,1,7.3,Gujarat Lions,KD Karthik,SK Raina,CH Morris,4,0,"",""

ball,1,7.4,Gujarat Lions,KD Karthik,SK Raina,CH Morris,1,0,"",""

ball,1,7.5,Gujarat Lions,SK Raina,KD Karthik,CH Morris,4,0,"",""

ball,1,7.6,Gujarat Lions,SK Raina,KD Karthik,CH Morris,1,0,"",""

ball,1,7.7,Gujarat Lions,KD Karthik,SK Raina,CH Morris,1,0,"",""

ball,1,8.1,Gujarat Lions,KD Karthik,SK Raina,A Mishra,1,0,"",""

ball,1,8.2,Gujarat Lions,SK Raina,KD Karthik,A Mishra,0,0,"",""

ball,1,8.3,Gujarat Lions,SK Raina,KD Karthik,A Mishra,1,0,"",""

ball,1,8.4,Gujarat Lions,KD Karthik,SK Raina,A Mishra,1,0,"",""

ball,1,8.5,Gujarat Lions,SK Raina,KD Karthik,A Mishra,1,0,"",""

ball,1,8.6,Gujarat Lions,KD Karthik,SK Raina,A Mishra,1,0,"",""

ball,1,9.1,Gujarat Lions,KD Karthik,SK Raina,JP Duminy,2,0,"",""

ball,1,9.2,Gujarat Lions,KD Karthik,SK Raina,JP Duminy,1,0,"",""

ball,1,9.3,Gujarat Lions,SK Raina,KD Karthik,JP Duminy,2,0,"",""

ball,1,9.4,Gujarat Lions,SK Raina,KD Karthik,JP Duminy,0,0,"",""

ball,1,9.5,Gujarat Lions,SK Raina,KD Karthik,JP Duminy,1,0,"",""

ball,1,9.6,Gujarat Lions,KD Karthik,SK Raina,JP Duminy,2,0,"",""

ball,1,10.1,Gujarat Lions,SK Raina,KD Karthik,A Mishra,1,0,"",""

ball,1,10.2,Gujarat Lions,KD Karthik,SK Raina,A Mishra,2,0,"",""

ball,1,10.3,Gujarat Lions,KD Karthik,SK Raina,A Mishra,2,0,"",""

ball,1,10.4,Gujarat Lions,KD Karthik,SK Raina,A Mishra,4,0,"",""

ball,1,10.5,Gujarat Lions,KD Karthik,SK Raina,A Mishra,1,0,"",""

ball,1,10.6,Gujarat Lions,SK Raina,KD Karthik,A Mishra,0,0,stumped,SK Raina

ball,1,11.1,Gujarat Lions,KD Karthik,RA Jadeja,Z Khan,2,0,"",""

ball,1,11.2,Gujarat Lions,KD Karthik,RA Jadeja,Z Khan,0,0,"",""

ball,1,11.3,Gujarat Lions,KD Karthik,RA Jadeja,Z Khan,0,0,"",""

ball,1,11.4,Gujarat Lions,KD Karthik,RA Jadeja,Z Khan,3,0,"",""

ball,1,11.5,Gujarat Lions,RA Jadeja,KD Karthik,Z Khan,0,0,"",""

ball,1,11.6,Gujarat Lions,RA Jadeja,KD Karthik,Z Khan,1,0,"",""

ball,1,12.1,Gujarat Lions,RA Jadeja,KD Karthik,JP Duminy,1,0,"",""

ball,1,12.2,Gujarat Lions,KD Karthik,RA Jadeja,JP Duminy,0,0,"",""

ball,1,12.3,Gujarat Lions,KD Karthik,RA Jadeja,JP Duminy,4,0,"",""

ball,1,12.4,Gujarat Lions,KD Karthik,RA Jadeja,JP Duminy,0,0,"",""

ball,1,12.5,Gujarat Lions,KD Karthik,RA Jadeja,JP Duminy,0,0,"",""

ball,1,12.6,Gujarat Lions,KD Karthik,RA Jadeja,JP Duminy,1,0,"",""

ball,1,13.1,Gujarat Lions,KD Karthik,RA Jadeja,Z Khan,4,0,"",""

ball,1,13.2,Gujarat Lions,KD Karthik,RA Jadeja,Z Khan,0,0,"",""

ball,1,13.3,Gujarat Lions,KD Karthik,RA Jadeja,Z Khan,1,0,"",""

ball,1,13.4,Gujarat Lions,RA Jadeja,KD Karthik,Z Khan,0,0,"",""

ball,1,13.5,Gujarat Lions,RA Jadeja,KD Karthik,Z Khan,0,0,"",""

ball,1,13.6,Gujarat Lions,RA Jadeja,KD Karthik,Z Khan,0,0,"",""

ball,1,14.1,Gujarat Lions,KD Karthik,RA Jadeja,Mohammed Shami,2,0,"",""

ball,1,14.2,Gujarat Lions,KD Karthik,RA Jadeja,Mohammed Shami,1,0,"",""

ball,1,14.3,Gujarat Lions,RA Jadeja,KD Karthik,Mohammed Shami,0,0,"",""

ball,1,14.4,Gujarat Lions,RA Jadeja,KD Karthik,Mohammed Shami,4,0,"",""

ball,1,14.5,Gujarat Lions,RA Jadeja,KD Karthik,Mohammed Shami,0,0,"",""

ball,1,14.6,Gujarat Lions,RA Jadeja,KD Karthik,Mohammed Shami,0,0,"",""

ball,1,15.1,Gujarat Lions,KD Karthik,RA Jadeja,S Nadeem,2,0,"",""

ball,1,15.2,Gujarat Lions,KD Karthik,RA Jadeja,S Nadeem,2,0,"",""

ball,1,15.3,Gujarat Lions,KD Karthik,RA Jadeja,S Nadeem,1,0,"",""

ball,1,15.4,Gujarat Lions,RA Jadeja,KD Karthik,S Nadeem,4,0,"",""

ball,1,15.5,Gujarat Lions,RA Jadeja,KD Karthik,S Nadeem,1,0,"",""

ball,1,15.6,Gujarat Lions,RA Jadeja,KD Karthik,S Nadeem,1,0,"",""

ball,1,16.1,Gujarat Lions,RA Jadeja,KD Karthik,Z Khan,2,0,"",""

ball,1,16.2,Gujarat Lions,RA Jadeja,KD Karthik,Z Khan,4,0,"",""

ball,1,16.3,Gujarat Lions,RA Jadeja,KD Karthik,Z Khan,4,0,"",""

ball,1,16.4,Gujarat Lions,RA Jadeja,KD Karthik,Z Khan,0,0,"",""

ball,1,16.5,Gujarat Lions,RA Jadeja,KD Karthik,Z Khan,0,1,"",""

ball,1,16.6,Gujarat Lions,RA Jadeja,KD Karthik,Z Khan,0,0,"",""

ball,1,16.7,Gujarat Lions,RA Jadeja,KD Karthik,Z Khan,2,0,"",""

ball,1,17.1,Gujarat Lions,KD Karthik,RA Jadeja,Mohammed Shami,0,0,"",""

ball,1,17.2,Gujarat Lions,KD Karthik,RA Jadeja,Mohammed Shami,4,0,"",""

ball,1,17.3,Gujarat Lions,KD Karthik,RA Jadeja,Mohammed Shami,0,0,bowled,KD Karthik

ball,1,17.4,Gujarat Lions,JP Faulkner,RA Jadeja,Mohammed Shami,1,0,"",""

ball,1,17.5,Gujarat Lions,RA Jadeja,JP Faulkner,Mohammed Shami,1,0,"",""

ball,1,17.6,Gujarat Lions,JP Faulkner,RA Jadeja,Mohammed Shami,1,0,"",""

ball,1,18.1,Gujarat Lions,JP Faulkner,RA Jadeja,CH Morris,2,0,"",""

ball,1,18.2,Gujarat Lions,JP Faulkner,RA Jadeja,CH Morris,1,0,"",""

ball,1,18.3,Gujarat Lions,RA Jadeja,JP Faulkner,CH Morris,2,0,"",""

ball,1,18.4,Gujarat Lions,RA Jadeja,JP Faulkner,CH Morris,1,0,"",""

ball,1,18.5,Gujarat Lions,JP Faulkner,RA Jadeja,CH Morris,2,0,"",""

ball,1,18.6,Gujarat Lions,JP Faulkner,RA Jadeja,CH Morris,0,0,bowled,JP Faulkner

ball,1,19.1,Gujarat Lions,RA Jadeja,Ishan Kishan,Mohammed Shami,6,0,"",""

ball,1,19.2,Gujarat Lions,RA Jadeja,Ishan Kishan,Mohammed Shami,0,1,"",""

ball,1,19.3,Gujarat Lions,Ishan Kishan,RA Jadeja,Mohammed Shami,1,0,"",""

ball,1,19.4,Gujarat Lions,RA Jadeja,Ishan Kishan,Mohammed Shami,1,0,"",""

ball,1,19.5,Gujarat Lions,Ishan Kishan,RA Jadeja,Mohammed Shami,1,0,"",""

ball,1,19.6,Gujarat Lions,RA Jadeja,Ishan Kishan,Mohammed Shami,1,0,run out,Ishan Kishan

ball,2,0.1,Delhi Daredevils,Q de Kock,RR Pant,P Kumar,0,0,"",""

ball,2,0.2,Delhi Daredevils,Q de Kock,RR Pant,P Kumar,0,0,"",""

ball,2,0.3,Delhi Daredevils,Q de Kock,RR Pant,P Kumar,4,0,"",""

ball,2,0.4,Delhi Daredevils,Q de Kock,RR Pant,P Kumar,1,0,"",""

ball,2,0.5,Delhi Daredevils,RR Pant,Q de Kock,P Kumar,1,0,"",""

ball,2,0.6,Delhi Daredevils,Q de Kock,RR Pant,P Kumar,4,0,"",""

ball,2,1.1,Delhi Daredevils,RR Pant,Q de Kock,DS Kulkarni,0,0,"",""

ball,2,1.2,Delhi Daredevils,RR Pant,Q de Kock,DS Kulkarni,0,0,"",""

ball,2,1.3,Delhi Daredevils,RR Pant,Q de Kock,DS Kulkarni,4,0,"",""

ball,2,1.4,Delhi Daredevils,RR Pant,Q de Kock,DS Kulkarni,4,0,"",""

ball,2,1.5,Delhi Daredevils,RR Pant,Q de Kock,DS Kulkarni,4,0,"",""

ball,2,1.6,Delhi Daredevils,RR Pant,Q de Kock,DS Kulkarni,2,0,"",""

ball,2,2.1,Delhi Daredevils,Q de Kock,RR Pant,SK Raina,1,0,"",""

ball,2,2.2,Delhi Daredevils,RR Pant,Q de Kock,SK Raina,1,0,"",""

ball,2,2.3,Delhi Daredevils,Q de Kock,RR Pant,SK Raina,1,0,"",""

ball,2,2.4,Delhi Daredevils,RR Pant,Q de Kock,SK Raina,0,1,"",""

ball,2,2.5,Delhi Daredevils,Q de Kock,RR Pant,SK Raina,2,0,"",""

ball,2,2.6,Delhi Daredevils,Q de Kock,RR Pant,SK Raina,1,0,"",""

ball,2,3.1,Delhi Daredevils,Q de Kock,RR Pant,P Kumar,0,0,"",""

ball,2,3.2,Delhi Daredevils,Q de Kock,RR Pant,P Kumar,6,0,"",""

ball,2,3.3,Delhi Daredevils,Q de Kock,RR Pant,P Kumar,0,1,"",""

ball,2,3.4,Delhi Daredevils,Q de Kock,RR Pant,P Kumar,0,0,"",""

ball,2,3.5,Delhi Daredevils,Q de Kock,RR Pant,P Kumar,1,0,"",""

ball,2,3.6,Delhi Daredevils,RR Pant,Q de Kock,P Kumar,1,0,"",""

ball,2,3.7,Delhi Daredevils,Q de Kock,RR Pant,P Kumar,1,0,"",""

ball,2,4.1,Delhi Daredevils,Q de Kock,RR Pant,SK Raina,1,0,"",""

ball,2,4.2,Delhi Daredevils,RR Pant,Q de Kock,SK Raina,3,0,"",""

ball,2,4.3,Delhi Daredevils,Q de Kock,RR Pant,SK Raina,0,0,"",""

ball,2,4.4,Delhi Daredevils,Q de Kock,RR Pant,SK Raina,1,0,"",""

ball,2,4.5,Delhi Daredevils,RR Pant,Q de Kock,SK Raina,4,0,"",""

ball,2,4.6,Delhi Daredevils,RR Pant,Q de Kock,SK Raina,1,0,"",""

ball,2,5.1,Delhi Daredevils,RR Pant,Q de Kock,DS Kulkarni,1,0,"",""

ball,2,5.2,Delhi Daredevils,Q de Kock,RR Pant,DS Kulkarni,0,0,"",""

ball,2,5.3,Delhi Daredevils,Q de Kock,RR Pant,DS Kulkarni,4,0,"",""

ball,2,5.4,Delhi Daredevils,Q de Kock,RR Pant,DS Kulkarni,1,0,"",""

ball,2,5.5,Delhi Daredevils,RR Pant,Q de Kock,DS Kulkarni,4,0,"",""

ball,2,5.6,Delhi Daredevils,RR Pant,Q de Kock,DS Kulkarni,0,0,"",""

ball,2,6.1,Delhi Daredevils,Q de Kock,RR Pant,SK Raina,0,0,"",""

ball,2,6.2,Delhi Daredevils,Q de Kock,RR Pant,SK Raina,0,0,"",""

ball,2,6.3,Delhi Daredevils,Q de Kock,RR Pant,SK Raina,1,0,"",""

ball,2,6.4,Delhi Daredevils,RR Pant,Q de Kock,SK Raina,1,0,"",""

ball,2,6.5,Delhi Daredevils,Q de Kock,RR Pant,SK Raina,0,0,"",""

ball,2,6.6,Delhi Daredevils,Q de Kock,RR Pant,SK Raina,0,0,"",""

ball,2,7.1,Delhi Daredevils,RR Pant,Q de Kock,S Kaushik,4,0,"",""

ball,2,7.2,Delhi Daredevils,RR Pant,Q de Kock,S Kaushik,1,0,"",""

ball,2,7.3,Delhi Daredevils,Q de Kock,RR Pant,S Kaushik,0,0,"",""

ball,2,7.4,Delhi Daredevils,Q de Kock,RR Pant,S Kaushik,1,0,"",""

ball,2,7.5,Delhi Daredevils,RR Pant,Q de Kock,S Kaushik,0,0,"",""

ball,2,7.6,Delhi Daredevils,RR Pant,Q de Kock,S Kaushik,0,0,"",""

ball,2,8.1,Delhi Daredevils,Q de Kock,RR Pant,SK Raina,1,0,"",""

ball,2,8.2,Delhi Daredevils,RR Pant,Q de Kock,SK Raina,4,0,"",""

ball,2,8.3,Delhi Daredevils,RR Pant,Q de Kock,SK Raina,4,0,"",""

ball,2,8.4,Delhi Daredevils,RR Pant,Q de Kock,SK Raina,0,0,"",""

ball,2,8.5,Delhi Daredevils,RR Pant,Q de Kock,SK Raina,6,0,"",""

ball,2,8.6,Delhi Daredevils,RR Pant,Q de Kock,SK Raina,1,0,"",""

ball,2,9.1,Delhi Daredevils,RR Pant,Q de Kock,S Kaushik,4,0,"",""

ball,2,9.2,Delhi Daredevils,RR Pant,Q de Kock,S Kaushik,0,0,"",""

ball,2,9.3,Delhi Daredevils,RR Pant,Q de Kock,S Kaushik,1,0,"",""

ball,2,9.4,Delhi Daredevils,Q de Kock,RR Pant,S Kaushik,1,0,"",""

ball,2,9.5,Delhi Daredevils,RR Pant,Q de Kock,S Kaushik,0,0,"",""

ball,2,9.6,Delhi Daredevils,RR Pant,Q de Kock,S Kaushik,2,0,"",""

ball,2,10.1,Delhi Daredevils,Q de Kock,RR Pant,DR Smith,0,0,"",""

ball,2,10.2,Delhi Daredevils,Q de Kock,RR Pant,DR Smith,0,0,"",""

ball,2,10.3,Delhi Daredevils,Q de Kock,RR Pant,DR Smith,1,0,"",""

ball,2,10.4,Delhi Daredevils,RR Pant,Q de Kock,DR Smith,0,0,"",""

ball,2,10.5,Delhi Daredevils,RR Pant,Q de Kock,DR Smith,1,0,"",""

ball,2,10.6,Delhi Daredevils,Q de Kock,RR Pant,DR Smith,1,0,"",""

ball,2,11.1,Delhi Daredevils,Q de Kock,RR Pant,JP Faulkner,1,0,"",""

ball,2,11.2,Delhi Daredevils,RR Pant,Q de Kock,JP Faulkner,1,0,"",""

ball,2,11.3,Delhi Daredevils,Q de Kock,RR Pant,JP Faulkner,0,0,"",""

ball,2,11.4,Delhi Daredevils,Q de Kock,RR Pant,JP Faulkner,1,0,"",""

ball,2,11.5,Delhi Daredevils,RR Pant,Q de Kock,JP Faulkner,0,0,"",""

ball,2,11.6,Delhi Daredevils,RR Pant,Q de Kock,JP Faulkner,6,0,"",""

ball,2,12.1,Delhi Daredevils,Q de Kock,RR Pant,DR Smith,1,0,"",""

ball,2,12.2,Delhi Daredevils,RR Pant,Q de Kock,DR Smith,2,0,"",""

ball,2,12.3,Delhi Daredevils,RR Pant,Q de Kock,DR Smith,1,0,"",""

ball,2,12.4,Delhi Daredevils,Q de Kock,RR Pant,DR Smith,0,0,"",""

ball,2,12.5,Delhi Daredevils,Q de Kock,RR Pant,DR Smith,4,0,"",""

ball,2,12.6,Delhi Daredevils,Q de Kock,RR Pant,DR Smith,1,0,"",""

ball,2,13.1,Delhi Daredevils,Q de Kock,RR Pant,RA Jadeja,1,0,"",""

ball,2,13.2,Delhi Daredevils,RR Pant,Q de Kock,RA Jadeja,0,0,"",""

ball,2,13.3,Delhi Daredevils,RR Pant,Q de Kock,RA Jadeja,0,0,caught,RR Pant

ball,2,13.4,Delhi Daredevils,SV Samson,Q de Kock,RA Jadeja,1,0,"",""

ball,2,13.5,Delhi Daredevils,Q de Kock,SV Samson,RA Jadeja,1,0,"",""

ball,2,13.6,Delhi Daredevils,SV Samson,Q de Kock,RA Jadeja,1,0,"",""

ball,2,14.1,Delhi Daredevils,SV Samson,Q de Kock,S Kaushik,1,0,"",""

ball,2,14.2,Delhi Daredevils,Q de Kock,SV Samson,S Kaushik,0,0,"",""

ball,2,14.3,Delhi Daredevils,Q de Kock,SV Samson,S Kaushik,1,0,"",""

ball,2,14.4,Delhi Daredevils,SV Samson,Q de Kock,S Kaushik,1,0,"",""

ball,2,14.5,Delhi Daredevils,Q de Kock,SV Samson,S Kaushik,0,0,caught,Q de Kock

ball,2,14.6,Delhi Daredevils,JP Duminy,SV Samson,S Kaushik,0,0,"",""

ball,2,15.1,Delhi Daredevils,SV Samson,JP Duminy,RA Jadeja,1,0,"",""

ball,2,15.2,Delhi Daredevils,JP Duminy,SV Samson,RA Jadeja,1,0,"",""

ball,2,15.3,Delhi Daredevils,SV Samson,JP Duminy,RA Jadeja,0,1,"",""

ball,2,15.4,Delhi Daredevils,SV Samson,JP Duminy,RA Jadeja,4,0,"",""

ball,2,15.5,Delhi Daredevils,SV Samson,JP Duminy,RA Jadeja,1,0,"",""

ball,2,15.6,Delhi Daredevils,JP Duminy,SV Samson,RA Jadeja,1,0,"",""

ball,2,15.7,Delhi Daredevils,SV Samson,JP Duminy,RA Jadeja,0,0,"",""

ball,2,16.1,Delhi Daredevils,JP Duminy,SV Samson,S Kaushik,4,0,"",""

ball,2,16.2,Delhi Daredevils,JP Duminy,SV Samson,S Kaushik,4,0,"",""

ball,2,16.3,Delhi Daredevils,JP Duminy,SV Samson,S Kaushik,1,0,"",""

ball,2,16.4,Delhi Daredevils,SV Samson,JP Duminy,S Kaushik,0,0,"",""

ball,2,16.5,Delhi Daredevils,SV Samson,JP Duminy,S Kaushik,1,0,"",""

ball,2,16.6,Delhi Daredevils,JP Duminy,SV Samson,S Kaushik,2,0,"",""

ball,2,17.1,Delhi Daredevils,SV Samson,JP Duminy,RA Jadeja,2,0,"",""

ball,2,17.2,Delhi Daredevils,SV Samson,JP Duminy,RA Jadeja,6,0,"",""
